State,Year,Data,Standard Error (2007 Dollar),Median Income(not adjusted),Standard Error(not adjusted)
AK,1984,32902,1150,17310,605
AK,1985,33690,1397,18333,760
AK,1986,34533,1597,19132,885
AK,1987,34455,2003,19734,1147
AK,1988,33596,1536,19948,912
AK,1989,34364,1728,21284,1070
AK,1990,35920,1595,23357,1037
AK,1991,36145,1586,24346,1068
AK,1992,37368,1532,25808,1058
AK,1993,35441,1537,25082,1088
AK,1994,37625,2157,27196,1559
AK,1995,35112,1710,25991,1266
AK,1996,39874,1655,30302,1258
AK,1997,41140,2070,31939,1607
AK,1998,46070,1660,36266,1307
AK,1999,45110,1480,36251,1189
AK,2000,42652,1291,35424,1072
AK,2001,41178,1178,35160,1006
AK,2002,43339,1224,37603,1062
AK,2003,42000,1781,37255,1580
AK,2004,40207,1430,36629,1303
AK,2005,39456,1290,37150,1215
AK,2006,39029,1043,37952,1014
AK,2007,42212,1420,42212,1420
AK,2008,45936,,,
AL,1984,61501,2800,32356,1473
AL,1985,63917,2001,34782,1089
AL,1986,56597,1836,31356,1017
AL,1987,58024,2614,33233,1497
AL,1988,55751,1992,33103,1183
AL,1989,58133,2225,36006,1378
AL,1990,60436,2502,39298,1627
AL,1991,60294,2705,40612,1822
AL,1992,60526,1674,41802,1156
AL,1993,60661,2322,42931,1643
AL,1994,62764,2067,45367,1494
AL,1995,64783,2713,47954,2008
AL,1996,69452,2509,52779,1907
AL,1997,61820,1620,47994,1258
AL,1998,64396,2698,50692,2124
AL,1999,63956,2770,51396,2226
AL,2000,63630,1395,52847,1159
AL,2001,67181,2356,57363,2012
AL,2002,60824,1237,52774,1073
AL,2003,58439,1106,51837,981
AL,2004,60442,2273,55063,2071
AL,2005,59361,1414,55891,1331
AL,2006,58019,1537,56418,1495
AL,2007,62993,1583,62993,1583
AL,2008,32214,,,
AR,1984,40724,1158,21425,609
AR,1985,43878,1367,23877,744
AR,1986,46027,1296,25500,718
AR,1987,46703,1557,26749,892
AR,1988,44521,1420,26435,843
AR,1989,46098,1954,28552,1210
AR,1990,44943,1755,29224,1141
AR,1991,45633,1332,30737,897
AR,1992,42508,1575,29358,1088
AR,1993,43110,1583,30510,1120
AR,1994,43293,1069,31293,773
AR,1995,41694,1837,30863,1360
AR,1996,41631,1676,31637,1274
AR,1997,42171,1671,32740,1297
AR,1998,47117,1594,37090,1255
AR,1999,46036,1410,36995,1133
AR,2000,47900,1457,39783,1210
AR,2001,50013,1688,42704,1441
AR,2002,45795,1156,39734,1003
AR,2003,46409,1603,41166,1422
AR,2004,48129,1255,43846,1143
AR,2005,48054,1350,45245,1271
AR,2006,47981,1281,46657,1246
AR,2007,47215,1555,47215,1555
AR,2008,31330,,,
AZ,1984,29792,1422,15674,748
AZ,1985,32069,1404,17451,764
AZ,1986,33807,1381,18730,765
AZ,1987,32872,1760,18827,1008
AZ,1988,33973,1189,20172,706
AZ,1989,34604,1477,21433,915
AZ,1990,35042,1509,22786,981
AZ,1991,34793,1162,23435,783
AZ,1992,34580,2024,23882,1398
AZ,1993,32554,1197,23039,847
AZ,1994,35368,1306,25565,944
AZ,1995,34873,1350,25814,999
AZ,1996,35691,1287,27123,978
AZ,1997,33699,1486,26162,1154
AZ,1998,35144,1474,27665,1160
AZ,1999,36936,1277,29682,1026
AZ,2000,35756,930,29697,772
AZ,2001,39045,1340,33339,1144
AZ,2002,37327,897,32387,778
AZ,2003,36078,875,32002,776
AZ,2004,38402,1091,34984,994
AZ,2005,38934,1390,36658,1309
AZ,2006,38108,789,37057,767
AZ,2007,40795,1348,40795,1348
AZ,2008,36661,,,
CA,1984,48064,692,25287,364
CA,1985,49582,643,26981,350
CA,1986,52362,1029,29010,570
CA,1987,52635,939,30146,538
CA,1988,51009,1068,30287,634
CA,1989,53294,998,33009,618
CA,1990,51196,869,33290,565
CA,1991,49979,1017,33664,685
CA,1992,50537,911,34903,629
CA,1993,48145,920,34073,651
CA,1994,48879,856,35331,619
CA,1995,49997,977,37009,723
CA,1996,51073,1076,38812,818
CA,1997,51129,1113,39694,864
CA,1998,52000,733,40934,577
CA,1999,54291,875,43629,703
CA,2000,56368,826,46816,686
CA,2001,55351,851,47262,727
CA,2002,54673,883,47437,766
CA,2003,55579,923,49300,819
CA,2004,54031,724,49222,660
CA,2005,54968,489,51755,460
CA,2006,56888,715,55319,695
CA,2007,55734,618,55734,618
CA,2008,42427,,,
CO,1984,49041,1530,25801,805
CO,1985,51789,1562,28182,850
CO,1986,49081,1671,27192,926
CO,1987,46227,1877,26476,1075
CO,1988,44149,2164,26214,1285
CO,1989,43279,2257,26806,1398
CO,1990,47264,1393,30733,906
CO,1991,46765,1848,31499,1245
CO,1992,47035,2130,32484,1471
CO,1993,48731,2217,34488,1569
CO,1994,52341,2000,37833,1446
CO,1995,54991,2097,40706,1552
CO,1996,53886,1749,40950,1329
CO,1997,55687,2504,43233,1944
CO,1998,59196,1380,46599,1086
CO,1999,59951,1845,48177,1483
CO,2000,58083,1489,48240,1237
CO,2001,57851,1394,49397,1190
CO,2002,55661,1687,48294,1464
CO,2003,56300,1305,49940,1158
CO,2004,55857,1745,50886,1590
CO,2005,53581,1367,50449,1287
CO,2006,57277,1567,55697,1524
CO,2007,61141,1014,61141,1014
CO,2008,42180,,,
CT,1984,56929,2353,29951,1238
CT,1985,57133,2075,31090,1129
CT,1986,59061,2897,32721,1605
CT,1987,57377,2378,32862,1362
CT,1988,60989,2178,36213,1293
CT,1989,68328,2570,42321,1592
CT,1990,59777,3225,38870,2097
CT,1991,62584,2886,42154,1944
CT,1992,59135,2855,40841,1972
CT,1993,55836,2346,39516,1660
CT,1994,56856,2207,41097,1595
CT,1995,54366,3065,40243,2269
CT,1996,55425,4062,42119,3087
CT,1997,56656,2562,43985,1989
CT,1998,59081,3465,46508,2728
CT,1999,62957,2857,50593,2296
CT,2000,60409,1634,50172,1357
CT,2001,62478,1452,53347,1240
CT,2002,61530,1579,53387,1370
CT,2003,61965,1760,54965,1561
CT,2004,60483,1809,55100,1648
CT,2005,60364,1734,56835,1633
CT,2006,64174,2223,62404,2162
CT,2007,64141,2049,64141,2049
CT,2008,55323,,,
DC,1984,49075,1952,25819,1027
DC,1985,42229,2510,22980,1366
DC,1986,46254,2188,25626,1212
DC,1987,51060,1528,29244,875
DC,1988,51376,1965,30505,1167
DC,1989,51775,1829,32068,1133
DC,1990,47373,1712,30804,1113
DC,1991,48377,1649,32585,1111
DC,1992,51659,2017,35678,1393
DC,1993,50958,1200,36064,849
DC,1994,49629,1648,35873,1191
DC,1995,47185,2497,34928,1848
DC,1996,51727,1845,39309,1402
DC,1997,55430,2656,43033,2062
DC,1998,52666,2227,41458,1753
DC,1999,58023,2838,46628,2281
DC,2000,60641,1816,50365,1508
DC,2001,58092,1719,49602,1468
DC,2002,57223,1942,49650,1685
DC,2003,55262,1554,49019,1378
DC,2004,52743,1560,48049,1421
DC,2005,54416,1143,51235,1076
DC,2006,53926,1779,52438,1730
DC,2007,54589,2159,54589,2159
DC,2008,30149,,,
DE,1984,38790,1635,20408,860
DE,1985,38730,1389,21076,756
DE,1986,43901,2260,24322,1252
DE,1987,47936,2244,27455,1285
DE,1988,45037,1260,26741,748
DE,1989,43192,1639,26752,1015
DE,1990,42126,2402,27392,1562
DE,1991,44369,2825,29885,1903
DE,1992,43796,1627,30247,1124
DE,1993,38580,2439,27304,1726
DE,1994,41664,1531,30116,1107
DE,1995,41538,1597,30748,1182
DE,1996,42064,2076,31966,1578
DE,1997,41038,1267,31860,984
DE,1998,42471,1665,33433,1311
DE,1999,48120,1990,38670,1599
DE,2000,49633,1291,41222,1072
DE,2001,48215,1198,41169,1023
DE,2002,45030,1147,39070,995
DE,2003,50781,1599,45044,1418
DE,2004,47696,2046,43451,1864
DE,2005,47786,2302,44993,2167
DE,2006,49852,1727,48477,1679
DE,2007,50783,1097,50783,1097
DE,2008,45773,,,
FL,1984,37606,890,19785,468
FL,1985,39221,803,21343,437
FL,1986,41242,975,22849,540
FL,1987,42757,831,24489,476
FL,1988,42788,800,25406,475
FL,1989,42115,767,26085,475
FL,1990,41038,698,26685,454
FL,1991,40459,705,27252,475
FL,1992,39599,762,27349,526
FL,1993,40341,999,28550,707
FL,1994,40527,874,29294,632
FL,1995,40183,827,29745,612
FL,1996,40321,675,30641,513
FL,1997,41804,751,32455,583
FL,1998,44346,974,34909,767
FL,1999,44587,780,35831,627
FL,2000,46784,895,38856,743
FL,2001,42655,488,36421,417
FL,2002,43824,954,38024,828
FL,2003,43935,856,38972,759
FL,2004,44495,694,40535,632
FL,2005,45659,860,42990,810
FL,2006,46972,647,45676,629
FL,2007,45794,570,45794,570
FL,2008,37361,,,
GA,1984,37985,1549,19984,815
GA,1985,38681,1448,21049,788
GA,1986,43987,2007,24370,1112
GA,1987,46642,2409,26714,1380
GA,1988,44742,1509,26566,896
GA,1989,44467,1648,27542,1021
GA,1990,42385,1824,27561,1186
GA,1991,40400,1615,27212,1088
GA,1992,41696,1778,28797,1228
GA,1993,44740,1772,31663,1254
GA,1994,43533,1713,31467,1238
GA,1995,46065,1212,34099,897
GA,1996,42762,2192,32496,1666
GA,1997,47225,1180,36663,916
GA,1998,49118,1498,38665,1179
GA,1999,49060,1686,39425,1355
GA,2000,50450,1001,41901,831
GA,2001,49863,1257,42576,1073
GA,2002,49489,1276,42939,1107
GA,2003,47843,1104,42438,979
GA,2004,44988,678,40984,618
GA,2005,48777,890,45926,838
GA,2006,50744,1244,49344,1210
GA,2007,48641,1078,48641,1078
GA,2008,38656,,,
HI,1984,54888,2311,28877,1216
HI,1985,53220,2657,28961,1446
HI,1986,52350,2177,29003,1206
HI,1987,61148,1875,35022,1074
HI,1988,55618,2496,33024,1482
HI,1989,56565,2144,35035,1328
HI,1990,59856,2175,38921,1414
HI,1991,55297,2420,37246,1630
HI,1992,60977,2078,42113,1435
HI,1993,60281,2485,42662,1759
HI,1994,58458,3352,42255,2423
HI,1995,57889,1745,42851,1292
HI,1996,54968,2491,41772,1893
HI,1997,52726,1802,40934,1399
HI,1998,51864,3009,40827,2369
HI,1999,55380,2280,44504,1832
HI,2000,62063,1436,51546,1193
HI,2001,55558,1471,47439,1256
HI,2002,54518,1580,47303,1371
HI,2003,58436,1502,51834,1332
HI,2004,61736,1855,56242,1690
HI,2005,63285,1287,59586,1212
HI,2006,62185,1616,60470,1571
HI,2007,64022,2125,64022,2125
HI,2008,47544,,,
IA,1984,40091,1830,21092,963
IA,1985,38152,1099,20761,598
IA,1986,37452,1227,20749,680
IA,1987,36238,1456,20755,834
IA,1988,39494,1691,23450,1004
IA,1989,39805,1539,24654,953
IA,1990,38916,1499,25305,975
IA,1991,38773,1528,26116,1029
IA,1992,40113,1265,27704,874
IA,1993,43817,1869,31010,1323
IA,1994,43629,1768,31536,1278
IA,1995,44143,1508,32676,1116
IA,1996,45674,1765,34709,1341
IA,1997,43027,1725,33404,1339
IA,1998,46596,1385,36680,1090
IA,1999,44549,1758,35800,1413
IA,2000,45285,1435,37611,1192
IA,2001,44786,1131,38241,966
IA,2002,43468,1292,37715,1121
IA,2003,47769,1107,42372,982
IA,2004,48691,1523,44358,1387
IA,2005,46919,1332,44176,1254
IA,2006,47524,1349,46213,1312
IA,2007,49184,1291,49184,1291
IA,2008,39345,,,
ID,1984,45147,1078,23752,567
ID,1985,45703,961,24870,523
ID,1986,47852,1144,26511,634
ID,1987,47288,936,27084,536
ID,1988,49724,1270,29524,754
ID,1989,50535,1006,31300,623
ID,1990,50046,1113,32542,724
ID,1991,47336,1060,31884,714
ID,1992,45684,1089,31551,752
ID,1993,46427,1145,32857,810
ID,1994,48533,1105,35081,799
ID,1995,51431,1182,38071,875
ID,1996,52049,1457,39554,1107
ID,1997,53175,1007,41283,782
ID,1998,54851,1568,43178,1234
ID,1999,57652,1279,46330,1028
ID,2000,55463,1163,46064,966
ID,2001,54073,1029,46171,879
ID,2002,49225,987,42710,856
ID,2003,50904,1209,45153,1072
ID,2004,50578,903,46077,823
ID,2005,51403,1047,48398,986
ID,2006,50052,1200,48671,1167
ID,2007,52506,950,52506,950
ID,2008,31482,,,
IL,1984,43280,1350,22770,710
IL,1985,41669,1150,22675,626
IL,1986,41024,1280,22728,709
IL,1987,39318,1648,22519,944
IL,1988,44282,1568,26293,931
IL,1989,41813,1650,25898,1022
IL,1990,41412,1690,26928,1099
IL,1991,40217,1369,27089,922
IL,1992,41309,1904,28530,1315
IL,1993,41648,1923,29475,1361
IL,1994,38540,1428,27858,1032
IL,1995,45101,1951,33385,1444
IL,1996,46250,1708,35147,1298
IL,1997,50092,1524,38889,1183
IL,1998,50472,2019,39731,1589
IL,1999,50818,2139,40838,1719
IL,2000,49203,818,40865,679
IL,2001,47290,1110,40379,948
IL,2002,47308,862,41047,748
IL,2003,47828,1081,42425,959
IL,2004,46464,1263,42329,1151
IL,2005,45072,1168,42437,1100
IL,2006,46695,1271,45407,1236
IL,2007,47453,1255,47453,1255
IL,2008,43421,,,
IN,1984,37755,1416,19863,745
IN,1985,38457,1110,20927,604
IN,1986,40538,1354,22459,750
IN,1987,38743,1592,22190,912
IN,1988,40934,1816,24305,1078
IN,1989,42406,1279,26265,792
IN,1990,41966,1516,27288,986
IN,1991,42391,1502,28553,1012
IN,1992,41618,1407,28743,972
IN,1993,40501,1752,28663,1240
IN,1994,45764,1771,33079,1280
IN,1995,47984,1273,35519,942
IN,1996,43700,2009,33209,1527
IN,1997,43515,1651,33783,1282
IN,1998,47027,1527,37019,1202
IN,1999,51142,1406,41098,1130
IN,2000,49355,976,40991,811
IN,2001,47989,1327,40976,1133
IN,2002,47310,1328,41049,1152
IN,2003,46655,997,41384,884
IN,2004,47630,1670,43391,1521
IN,2005,49387,1422,46500,1339
IN,2006,49491,1533,48126,1491
IN,2007,48908,1451,48908,1451
IN,2008,38738,,,
KS,1984,46814,1733,24629,912
KS,1985,41877,1898,22788,1033
KS,1986,43186,1411,23926,782
KS,1987,44668,1571,25583,900
KS,1988,43058,1942,25566,1153
KS,1989,43369,1466,26862,908
KS,1990,46009,1813,29917,1179
KS,1991,43493,1387,29295,934
KS,1992,43939,1646,30346,1137
KS,1993,42065,1616,29770,1144
KS,1994,39182,1472,28322,1064
KS,1995,40989,1244,30341,921
KS,1996,42879,1921,32585,1460
KS,1997,46977,2079,36471,1614
KS,1998,46635,2054,36711,1617
KS,1999,46475,2586,37348,2078
KS,2000,49436,1406,41059,1168
KS,2001,48503,1306,41415,1115
KS,2002,49120,1207,42619,1047
KS,2003,49865,1495,44232,1326
KS,2004,45078,1920,41066,1749
KS,2005,44636,1046,42027,985
KS,2006,46844,1288,45552,1252
KS,2007,48497,1805,48497,1805
KS,2008,38957,,,
KY,1984,33605,2051,17680,1079
KY,1985,31904,1375,17361,748
KY,1986,35872,1816,19874,1006
KY,1987,36095,1639,20673,939
KY,1988,33527,1349,19907,801
KY,1989,37591,1947,23283,1206
KY,1990,38109,1865,24780,1213
KY,1991,35281,1553,23764,1046
KY,1992,34005,1823,23485,1259
KY,1993,34443,1542,24376,1091
KY,1994,36793,1422,26595,1028
KY,1995,40271,1552,29810,1149
KY,1996,42652,1894,32413,1439
KY,1997,43089,2137,33452,1659
KY,1998,46052,1919,36252,1511
KY,1999,41983,1847,33738,1484
KY,2000,43664,1021,36265,848
KY,2001,45016,1182,38437,1009
KY,2002,42370,1007,36762,874
KY,2003,41640,966,36936,857
KY,2004,39089,1337,35610,1218
KY,2005,38977,954,36699,898
KY,2006,40605,1081,39485,1051
KY,2007,39452,1211,39452,1211
KY,2008,32995,,,
LA,1984,36017,1673,18949,880
LA,1985,38920,1338,21179,728
LA,1986,37706,1726,20890,956
LA,1987,37275,1498,21349,858
LA,1988,34521,2482,20497,1474
LA,1989,36910,2998,22861,1857
LA,1990,34456,2430,22405,1580
LA,1991,37560,1716,25299,1156
LA,1992,36834,1654,25439,1142
LA,1993,37179,1645,26312,1164
LA,1994,35522,2077,25676,1501
LA,1995,37757,1473,27949,1090
LA,1996,39822,1698,30262,1290
LA,1997,42841,1998,33260,1551
LA,1998,40314,2109,31735,1660
LA,1999,40634,1548,32654,1244
LA,2000,36985,997,30718,828
LA,2001,39025,1400,33322,1195
LA,2002,39195,1450,34008,1258
LA,2003,37774,1243,33507,1103
LA,2004,39988,1364,36429,1243
LA,2005,39548,1378,37236,1297
LA,2006,37523,1465,36488,1425
LA,2007,41313,937,41313,937
LA,2008,33567,,,
MA,1984,39247,1680,20648,884
MA,1985,37707,1476,20519,803
MA,1986,42280,1751,23424,970
MA,1987,41205,1779,23600,1019
MA,1988,44466,1586,26402,942
MA,1989,45564,2243,28221,1389
MA,1990,42236,2418,27464,1572
MA,1991,41374,1860,27868,1253
MA,1992,42883,1486,29617,1026
MA,1993,38770,1700,27438,1203
MA,1994,41941,2126,30316,1537
MA,1995,45740,1470,33858,1088
MA,1996,45657,1594,34696,1211
MA,1997,42213,1676,32772,1301
MA,1998,45275,1333,35640,1049
MA,1999,48359,1641,38862,1319
MA,2000,44870,1027,37266,853
MA,2001,42878,1115,36612,952
MA,2002,42474,975,36853,846
MA,2003,41840,1065,37113,945
MA,2004,45367,1342,41329,1223
MA,2005,46650,1522,43923,1433
MA,2006,46937,1848,45642,1797
MA,2007,47894,1398,47894,1398
MA,2008,51252,,,
MD,1984,56467,2188,29708,1151
MD,1985,55380,1775,30136,966
MD,1986,55240,1870,30604,1036
MD,1987,61057,2423,34970,1388
MD,1988,61560,2014,36552,1196
MD,1989,58149,1916,36016,1187
MD,1990,59757,2454,38857,1596
MD,1991,54860,2104,36952,1417
MD,1992,53867,2354,37203,1626
MD,1993,56434,1811,39939,1282
MD,1994,54229,1937,39198,1400
MD,1995,55444,2198,41041,1627
MD,1996,57891,3375,43993,2565
MD,1997,60134,1901,46685,1476
MD,1998,63537,2745,50016,2161
MD,1999,64963,2759,52205,2217
MD,2000,65662,1686,54535,1400
MD,2001,62692,1935,53530,1652
MD,2002,65011,1766,56407,1532
MD,2003,58977,1379,52314,1223
MD,2004,62682,1857,57103,1692
MD,2005,64269,1569,60512,1477
MD,2006,65474,1646,63668,1601
MD,2007,65630,1661,65630,1661
MD,2008,53765,,,
ME,1984,51242,1317,26959,693
ME,1985,51835,1489,28207,810
ME,1986,54761,1327,30339,735
ME,1987,56292,1250,32241,716
ME,1988,55937,1413,33213,839
ME,1989,58262,1137,36086,704
ME,1990,55743,1273,36247,828
ME,1991,53022,1173,35714,790
ME,1992,52645,1069,36359,738
ME,1993,52371,1341,37064,949
ME,1994,56030,1466,40500,1060
ME,1995,52111,1993,38574,1475
ME,1996,51970,2542,39494,1932
ME,1997,54129,1781,42023,1383
ME,1998,53792,2491,42345,1961
ME,1999,54759,2517,44005,2023
ME,2000,56292,1634,46753,1357
ME,2001,61196,1778,52253,1518
ME,2002,57460,1329,49855,1153
ME,2003,57445,1074,50955,953
ME,2004,57101,1830,52019,1667
ME,2005,59495,1863,56017,1754
ME,2006,56900,2138,55330,2079
ME,2007,58463,2231,58463,2231
ME,2008,38884,,,
MI,1984,43651,1207,22965,635
MI,1985,44549,1540,24242,838
MI,1986,48021,1170,26605,648
MI,1987,48367,1264,27702,724
MI,1988,49636,1022,29472,607
MI,1989,49687,1275,30775,790
MI,1990,46039,1020,29937,663
MI,1991,47682,1023,32117,689
MI,1992,46720,1102,32267,761
MI,1993,46151,964,32662,682
MI,1994,48814,948,35284,685
MI,1995,49209,1343,36426,994
MI,1996,51616,1504,39225,1143
MI,1997,49902,1427,38742,1108
MI,1998,53127,1165,41821,917
MI,1999,57352,1277,46089,1026
MI,2000,54798,1318,45512,1095
MI,2001,52757,1017,45047,868
MI,2002,49231,1285,42715,1115
MI,2003,50756,1071,45022,950
MI,2004,46384,942,42256,858
MI,2005,48785,972,45933,915
MI,2006,50027,993,48647,966
MI,2007,49370,798,49370,798
MI,2008,42925,,,
MN,1984,46447,1737,24436,914
MN,1985,43839,1878,23856,1022
MN,1986,47729,2076,26443,1150
MN,1987,49031,1943,28082,1113
MN,1988,48988,1753,29087,1041
MN,1989,48735,2063,30185,1278
MN,1990,48389,1581,31465,1028
MN,1991,43766,1701,29479,1146
MN,1992,44858,1878,30981,1297
MN,1993,47592,1713,33682,1212
MN,1994,46545,1882,33644,1360
MN,1995,51245,2497,37933,1848
MN,1996,53940,1612,40991,1225
MN,1997,54825,1945,42564,1510
MN,1998,60882,2687,47926,2115
MN,1999,58533,1900,47038,1527
MN,2000,65320,2050,54251,1703
MN,2001,61698,1328,52681,1134
MN,2002,62954,1378,54622,1196
MN,2003,59551,1384,52823,1228
MN,2004,61585,1175,56104,1070
MN,2005,57581,1321,54215,1244
MN,2006,57806,1253,56211,1218
MN,2007,58058,1888,58058,1888
MN,2008,46437,,,
MO,1984,29329,1391,15430,732
MO,1985,30161,1138,16413,619
MO,1986,29806,1153,16513,639
MO,1987,32323,1573,18513,901
MO,1988,30595,1496,18166,888
MO,1989,32157,1529,19917,947
MO,1990,31031,1233,20178,802
MO,1991,28913,1563,19475,1053
MO,1992,29784,1555,20570,1074
MO,1993,31356,1737,22191,1229
MO,1994,35140,1040,25400,752
MO,1995,35851,1389,26538,1028
MO,1996,35104,1732,26677,1316
MO,1997,36709,1785,28499,1386
MO,1998,36992,1471,29120,1158
MO,1999,40415,1752,32478,1408
MO,2000,41297,1630,34299,1354
MO,2001,35323,1389,30161,1186
MO,2002,35593,883,30882,766
MO,2003,36896,1255,32728,1113
MO,2004,38150,1243,34755,1132
MO,2005,34916,1372,32875,1292
MO,2006,35718,1628,34733,1583
MO,2007,37279,951,37279,951
MO,2008,38308,,,
MS,1984,39488,1359,20775,715
MS,1985,40316,1117,21939,608
MS,1986,39574,1393,21925,772
MS,1987,41415,2038,23720,1167
MS,1988,39482,1832,23443,1088
MS,1989,42780,1204,26497,746
MS,1990,42033,2144,27332,1394
MS,1991,41460,2101,27926,1415
MS,1992,39617,2101,27361,1451
MS,1993,40527,2071,28682,1466
MS,1994,41767,1995,30190,1442
MS,1995,47046,1855,34825,1373
MS,1996,45089,1991,34265,1513
MS,1997,47083,2653,36553,2060
MS,1998,51069,2373,40201,1868
MS,1999,51496,1482,41383,1191
MS,2000,54298,1429,45097,1187
MS,2001,48414,1410,41339,1204
MS,2002,49301,1238,42776,1074
MS,2003,49336,986,43762,875
MS,2004,46253,1178,42137,1073
MS,2005,45655,1050,42986,989
MS,2006,45844,1442,44579,1402
MS,2007,46005,1104,46005,1104
MS,2008,28636,,,
MT,1984,37133,1369,19536,720
MT,1985,37187,1470,20236,800
MT,1986,36692,1352,20328,749
MT,1987,35747,1395,20474,799
MT,1988,37441,1396,22231,829
MT,1989,38251,2117,23692,1311
MT,1990,35948,1512,23375,983
MT,1991,36859,1321,24827,890
MT,1992,38406,1054,26525,728
MT,1993,37402,1364,26470,965
MT,1994,38226,1724,27631,1246
MT,1995,37498,1493,27757,1105
MT,1996,37745,2061,28684,1566
MT,1997,37627,1475,29212,1145
MT,1998,40113,1439,31577,1133
MT,1999,38623,1202,31038,966
MT,2000,39465,1205,32777,1001
MT,2001,37624,863,32126,737
MT,2002,40149,1397,34835,1212
MT,2003,38452,1203,34108,1067
MT,2004,37273,778,33956,709
MT,2005,39630,1233,37313,1161
MT,2006,42271,717,41105,697
MT,2007,43655,1699,43655,1699
MT,2008,33385,,,
NC,1984,40670,1454,21397,765
NC,1985,40059,1680,21799,914
NC,1986,39298,1469,21772,814
NC,1987,40626,1329,23268,761
NC,1988,42372,1617,25159,960
NC,1989,42493,2456,26319,1521
NC,1990,42264,1735,27482,1128
NC,1991,43870,1495,29549,1007
NC,1992,43507,1551,30048,1071
NC,1993,43814,1177,31008,833
NC,1994,43986,1544,31794,1116
NC,1995,44485,1560,32929,1155
NC,1996,44759,1974,34014,1500
NC,1997,44686,1968,34692,1528
NC,1998,46257,1968,36413,1549
NC,1999,48065,1700,38626,1366
NC,2000,50268,1226,41750,1018
NC,2001,51075,1307,43611,1116
NC,2002,49324,1196,42796,1038
NC,2003,49575,1472,43974,1306
NC,2004,48064,1462,43786,1332
NC,2005,50898,1537,47923,1447
NC,2006,49511,1532,48145,1490
NC,2007,49174,1379,49174,1379
NC,2008,35689,,,
ND,1984,48994,1935,25776,1018
ND,1985,42770,1847,23274,1005
ND,1986,47321,1615,26217,895
ND,1987,46929,1969,26878,1128
ND,1988,47128,1610,27983,956
ND,1989,47370,1531,29340,948
ND,1990,49247,1813,32023,1179
ND,1991,48900,2322,32937,1564
ND,1992,46201,1153,31908,796
ND,1993,50605,1523,35814,1078
ND,1994,49626,2122,35871,1534
ND,1995,48747,1775,36084,1314
ND,1996,50715,2125,38540,1615
ND,1997,50047,2030,38854,1576
ND,1998,50504,1556,39756,1225
ND,1999,51593,2195,41461,1764
ND,2000,55094,1217,45758,1011
ND,2001,53174,1323,45403,1130
ND,2002,51816,1338,44958,1161
ND,2003,50939,1752,45184,1554
ND,2004,51815,1517,47204,1382
ND,2005,51202,1784,48209,1680
ND,2006,53765,1288,52282,1252
ND,2007,54058,1294,54058,1294
ND,2008,35956,,,
NE,1984,49256,1397,25914,735
NE,1985,48520,1974,26403,1074
NE,1986,55139,1496,30548,829
NE,1987,56462,2532,32338,1450
NE,1988,58315,1901,34625,1129
NE,1989,60596,2214,37532,1371
NE,1990,62753,2019,40805,1313
NE,1991,53495,1988,36032,1339
NE,1992,57101,2783,39436,1922
NE,1993,53643,2289,37964,1620
NE,1994,48760,2541,35245,1837
NE,1995,52917,2102,39171,1556
NE,1996,51856,2282,39407,1734
NE,1997,52808,2066,40998,1604
NE,1998,57112,2370,44958,1866
NE,1999,57310,2429,46055,1952
NE,2000,61317,1497,50926,1243
NE,2001,60116,842,51331,719
NE,2002,63759,1486,55321,1289
NE,2003,62644,1470,55567,1304
NE,2004,62365,1453,56815,1324
NE,2005,60522,2152,56984,2026
NE,2006,63728,1521,61970,1479
NE,2007,67576,1846,67576,1846
NE,2008,38880,,,
NH,1984,52795,1521,27776,800
NH,1985,56931,1182,30980,643
NH,1986,57245,1520,31715,842
NH,1987,59784,1386,34241,794
NH,1988,61114,1108,36287,658
NH,1989,63160,1531,39120,948
NH,1990,59568,1329,38734,864
NH,1991,59458,1534,40049,1033
NH,1992,56469,1218,39000,841
NH,1993,57226,1393,40500,986
NH,1994,58493,1472,42280,1064
NH,1995,59338,1891,43924,1400
NH,1996,62463,1601,47468,1217
NH,1997,61854,1834,48021,1424
NH,1998,63296,1824,49826,1436
NH,1999,61888,1748,49734,1405
NH,2000,60689,1193,50405,991
NH,2001,60632,1093,51771,933
NH,2002,62892,1850,54568,1605
NH,2003,63183,1153,56045,1023
NH,2004,60675,1408,55275,1283
NH,2005,67302,2397,63368,2257
NH,2006,69990,2035,68059,1979
NH,2007,60508,1458,60508,1458
NH,2008,48913,,,
NJ,1984,39212,1956,20630,1029
NJ,1985,37530,1884,20423,1025
NJ,1986,35820,1251,19845,693
NJ,1987,36243,1084,20758,621
NJ,1988,32498,1403,19296,833
NJ,1989,36492,1661,22602,1029
NJ,1990,38507,1612,25039,1048
NJ,1991,39402,1774,26540,1195
NJ,1992,37444,1950,25860,1347
NJ,1993,37809,1205,26758,853
NJ,1994,37222,1912,26905,1382
NJ,1995,35112,1486,25991,1100
NJ,1996,33011,1436,25086,1091
NJ,1997,38753,1490,30086,1157
NJ,1998,40070,1776,31543,1398
NJ,1999,40534,2173,32574,1746
NJ,2000,42253,1503,35093,1248
NJ,2001,38793,1450,33124,1238
NJ,2002,40865,1223,35457,1061
NJ,2003,39576,1287,35105,1142
NJ,2004,43427,1739,39562,1584
NJ,2005,41365,1806,38947,1700
NJ,2006,41164,1293,40028,1257
NJ,2007,44356,1474,44356,1474
NJ,2008,54157,,,
NM,1984,41868,793,22027,417
NM,1985,43440,961,23639,523
NM,1986,45170,856,25025,474
NM,1987,46066,796,26384,456
NM,1988,48698,1125,28915,668
NM,1989,50851,731,31496,453
NM,1990,48583,786,31591,511
NM,1991,47203,799,31794,538
NM,1992,44960,766,31051,529
NM,1993,44788,786,31697,556
NM,1994,44131,660,31899,477
NM,1995,44619,967,33028,716
NM,1996,46596,982,35410,746
NM,1997,46110,817,35798,634
NM,1998,47503,987,37394,777
NM,1999,49762,1094,39989,879
NM,2000,49057,700,40744,581
NM,2001,49322,703,42114,600
NM,2002,48367,668,41966,580
NM,2003,48237,983,42788,872
NM,2004,49011,869,44649,792
NM,2005,50105,878,47176,827
NM,2006,49590,1017,48222,989
NM,2007,48944,918,48944,918
NM,2008,28934,,,
NV,1984,39097,1218,20569,641
NV,1985,39420,1075,21451,585
NV,1986,39459,1260,21861,698
NV,1987,39739,946,22760,542
NV,1988,41119,903,24415,536
NV,1989,42633,835,26406,517
NV,1990,40491,855,26329,556
NV,1991,39867,757,26853,510
NV,1992,40211,892,27771,616
NV,1993,40722,923,28820,653
NV,1994,41662,927,30114,670
NV,1995,43201,1200,31979,888
NV,1996,46847,1326,35601,1008
NV,1997,46164,1181,35840,917
NV,1998,45526,1298,35838,1022
NV,1999,46358,1195,37254,960
NV,2000,46135,970,38317,806
NV,2001,44694,1114,38162,951
NV,2002,42085,825,36515,716
NV,2003,42027,1061,37279,941
NV,2004,44169,891,40238,812
NV,2005,44667,1024,42056,964
NV,2006,40926,838,39797,815
NV,2007,43513,1072,43513,1072
NV,2008,37066,,,
NY,1984,39480,1973,20771,1038
NY,1985,38968,1487,21205,809
NY,1986,38821,1417,21508,785
NY,1987,39417,1580,22576,905
NY,1988,40575,1699,24092,1009
NY,1989,40733,1458,25229,903
NY,1990,38853,1542,25264,1003
NY,1991,38440,1384,25892,932
NY,1992,39035,1305,26959,901
NY,1993,39731,1180,28118,835
NY,1994,39122,1543,28278,1115
NY,1995,39297,1644,29089,1217
NY,1996,41411,1558,31470,1184
NY,1997,40782,1753,31661,1361
NY,1998,38496,1498,30304,1179
NY,1999,40645,1721,32663,1383
NY,2000,43340,1282,35996,1065
NY,2001,41919,942,35793,804
NY,2002,41722,950,36200,824
NY,2003,45557,961,40410,852
NY,2004,43052,1373,39220,1251
NY,2005,44812,1297,42192,1221
NY,2006,42211,1445,41047,1405
NY,2007,47205,1280,47205,1280
NY,2008,43302,,,
OH,1984,43951,935,23123,492
OH,1985,46261,1036,25174,564
OH,1986,45332,1061,25115,588
OH,1987,44999,969,25773,555
OH,1988,46719,1071,27740,636
OH,1989,46855,1058,29021,655
OH,1990,46156,1107,30013,720
OH,1991,44227,1127,29790,759
OH,1992,45471,850,31404,587
OH,1993,44205,930,31285,658
OH,1994,44070,808,31855,584
OH,1995,47203,1335,34941,988
OH,1996,44833,1399,34070,1063
OH,1997,46543,1152,36134,894
OH,1998,49448,2002,38925,1576
OH,1999,49139,1231,39489,989
OH,2000,51728,881,42962,732
OH,2001,48937,774,41785,661
OH,2002,49195,896,42684,777
OH,2003,49063,1048,43520,930
OH,2004,47261,1072,43055,977
OH,2005,46947,1111,44203,1046
OH,2006,47202,651,45900,633
OH,2007,49099,1085,49099,1085
OH,2008,40040,,,
OK,1984,40197,1365,21148,718
OK,1985,38968,1404,21205,764
OK,1986,37811,1572,20948,871
OK,1987,37872,1543,21691,884
OK,1988,39860,1273,23667,756
OK,1989,38211,1996,23667,1236
OK,1990,37500,1606,24384,1044
OK,1991,37802,1602,25462,1079
OK,1992,36610,1557,25284,1075
OK,1993,37105,2108,26260,1492
OK,1994,37341,1678,26991,1213
OK,1995,35544,1189,26311,880
OK,1996,36104,1433,27437,1089
OK,1997,40382,1320,31351,1025
OK,1998,42845,1565,33727,1232
OK,1999,40670,1855,32683,1491
OK,2000,39049,854,32432,709
OK,2001,41704,808,35609,690
OK,2002,42019,707,36458,613
OK,2003,40474,880,35902,781
OK,2004,43484,1232,39614,1122
OK,2005,39982,1539,37645,1449
OK,2006,39940,1642,38838,1597
OK,2007,43216,1453,43216,1453
OK,2008,31883,,,
OR,1984,40674,1416,21399,745
OR,1985,40234,1915,21894,1042
OR,1986,44715,1809,24773,1002
OR,1987,43716,1907,25038,1092
OR,1988,46733,1937,27748,1150
OR,1989,46061,2317,28529,1435
OR,1990,45031,1486,29281,966
OR,1991,44821,1614,30190,1087
OR,1992,46228,2952,31927,2039
OR,1993,46824,1639,33138,1160
OR,1994,43518,1561,31456,1128
OR,1995,49139,1310,36374,970
OR,1996,46704,1676,35492,1274
OR,1997,47977,2303,37247,1788
OR,1998,49628,2448,39067,1927
OR,1999,50546,1558,40619,1252
OR,2000,51170,1127,42499,936
OR,2001,48337,881,41273,752
OR,2002,48178,985,41802,855
OR,2003,46941,1088,41638,965
OR,2004,44999,1154,40994,1051
OR,2005,46901,1477,44159,1391
OR,2006,48427,1436,47091,1396
OR,2007,50236,1357,50236,1357
OR,2008,37167,,,
PA,1984,38673,948,20346,499
PA,1985,42040,989,22877,538
PA,1986,42971,893,23807,495
PA,1987,44390,945,25424,541
PA,1988,45038,837,26742,497
PA,1989,46321,1104,28690,684
PA,1990,44606,1058,29005,688
PA,1991,45084,912,30367,614
PA,1992,43267,966,29882,667
PA,1993,43796,981,30995,694
PA,1994,44362,905,32066,654
PA,1995,46640,923,34524,683
PA,1996,45924,1282,34899,974
PA,1997,48325,1242,37517,964
PA,1998,49562,1372,39015,1080
PA,1999,46985,1420,37758,1141
PA,2000,50781,848,42176,704
PA,2001,50944,847,43499,723
PA,2002,48980,916,42498,795
PA,2003,48401,877,42933,778
PA,2004,48415,1141,44106,1039
PA,2005,49175,791,46300,745
PA,2006,49852,894,48477,869
PA,2007,48437,932,48437,932
PA,2008,41188,,,
RI,1984,41079,1612,21612,848
RI,1985,45252,1654,24625,900
RI,1986,47904,1913,26540,1060
RI,1987,49397,2514,28292,1440
RI,1988,50259,2668,29842,1584
RI,1989,48636,2186,30124,1354
RI,1990,49163,1807,31968,1175
RI,1991,45780,1620,30836,1091
RI,1992,44063,2075,30432,1433
RI,1993,47348,2186,33509,1547
RI,1994,44171,1828,31928,1321
RI,1995,47768,1855,35359,1373
RI,1996,48670,1363,36986,1036
RI,1997,44821,2879,34797,2235
RI,1998,51685,3375,40686,2657
RI,1999,53159,2464,42719,1980
RI,2000,50807,1226,42197,1018
RI,2001,53549,1343,45723,1147
RI,2002,48887,1008,42417,875
RI,2003,50405,1408,44711,1249
RI,2004,52618,2165,47935,1972
RI,2005,52556,1546,49484,1456
RI,2006,55260,1875,53736,1823
RI,2007,54210,1849,54210,1849
RI,2008,46978,,,
SC,1984,38602,1775,20309,934
SC,1985,36819,1584,20036,862
SC,1986,39652,1560,21968,864
SC,1987,43735,1983,25049,1136
SC,1988,43002,1937,25533,1150
SC,1989,38423,1710,23798,1059
SC,1990,44191,2127,28735,1383
SC,1991,40773,1688,27463,1137
SC,1992,39931,2076,27578,1434
SC,1993,36813,1356,26053,960
SC,1994,41291,1576,29846,1139
SC,1995,39273,1891,29071,1400
SC,1996,45616,1849,34665,1405
SC,1997,44132,2073,34262,1609
SC,1998,42260,1664,33267,1310
SC,1999,45373,2150,36462,1728
SC,2000,45236,1128,37570,937
SC,2001,44195,1198,37736,1023
SC,2002,43580,1411,37812,1224
SC,2003,43380,1264,38479,1121
SC,2004,42471,1121,38691,1021
SC,2005,42728,1279,40230,1204
SC,2006,40741,1385,39617,1347
SC,2007,44213,1553,44213,1553
SC,2008,34759,,,
SD,1984,36892,1764,19409,928
SD,1985,33339,1290,18142,702
SD,1986,35915,1199,19898,664
SD,1987,36929,1042,21151,597
SD,1988,37547,1184,22294,703
SD,1989,38923,1613,24108,999
SD,1990,37787,1320,24571,858
SD,1991,36580,1158,24639,780
SD,1992,38021,969,26259,669
SD,1993,39192,1470,27737,1040
SD,1994,41134,1639,29733,1185
SD,1995,39958,2175,29578,1610
SD,1996,38853,1320,29526,1003
SD,1997,38248,1475,29694,1145
SD,1998,41649,1287,32786,1013
SD,1999,44584,1175,35828,944
SD,2000,43917,827,36475,687
SD,2001,46461,1003,39671,856
SD,2002,43650,1098,37873,953
SD,2003,44556,1132,39522,1004
SD,2004,45123,1092,41107,995
SD,2005,45830,1454,43151,1369
SD,2006,46716,1688,45427,1641
SD,2007,46418,900,46418,900
SD,2008,36785,,,
TN,1984,31898,1095,16782,576
TN,1985,32670,1024,17778,557
TN,1986,32952,1596,18256,884
TN,1987,36978,1388,21179,795
TN,1988,35125,1713,20856,1017
TN,1989,36506,2107,22611,1305
TN,1990,34744,1336,22592,869
TN,1991,36304,1358,24453,915
TN,1992,35211,1322,24318,913
TN,1993,35469,1174,25102,831
TN,1994,39621,1422,28639,1028
TN,1995,39197,1713,29015,1268
TN,1996,40517,1430,30790,1087
TN,1997,39461,1749,30636,1358
TN,1998,43307,1660,34091,1307
TN,1999,45447,1630,36522,1310
TN,2000,41053,1120,34096,930
TN,2001,41907,926,35783,791
TN,2002,42678,1280,37030,1111
TN,2003,42302,1331,37523,1181
TN,2004,41791,1160,38072,1057
TN,2005,41853,1265,39406,1191
TN,2006,41847,776,40693,755
TN,2007,41195,1116,41195,1116
TN,2008,34124,,,
TX,1984,43763,1013,23024,533
TX,1985,43632,1003,23743,546
TX,1986,43612,928,24162,514
TX,1987,43163,1112,24721,637
TX,1988,42042,980,24963,582
TX,1989,41794,903,25886,559
TX,1990,43411,1101,28228,716
TX,1991,41174,929,27733,626
TX,1992,40474,918,27953,634
TX,1993,40591,866,28727,613
TX,1994,42548,906,30755,655
TX,1995,43283,856,32039,634
TX,1996,43520,1004,33072,763
TX,1997,45179,1134,35075,880
TX,1998,45457,841,35783,662
TX,1999,48143,1269,38688,1020
TX,2000,46487,945,38609,785
TX,2001,47853,600,40860,512
TX,2002,46273,649,40149,563
TX,2003,44273,859,39271,762
TX,2004,45441,603,41397,549
TX,2005,43994,446,41422,420
TX,2006,44536,851,43307,828
TX,2007,46053,700,46053,700
TX,2008,34507,,,
UT,1984,43826,1397,23057,735
UT,1985,46379,1290,25238,702
UT,1986,47437,1462,26281,810
UT,1987,46319,2085,26529,1194
UT,1988,44316,1531,26313,909
UT,1989,49593,1637,30717,1014
UT,1990,46355,1566,30142,1018
UT,1991,41594,2018,28016,1359
UT,1992,49593,1658,34251,1145
UT,1993,50565,1755,35786,1242
UT,1994,49412,1440,35716,1041
UT,1995,49282,1242,36480,919
UT,1996,48738,1750,37038,1330
UT,1997,55097,2299,42775,1785
UT,1998,56275,1747,44299,1375
UT,1999,57304,2010,46050,1615
UT,2000,57252,1253,47550,1041
UT,2001,55445,1875,47342,1601
UT,2002,55162,1321,47861,1146
UT,2003,55551,1017,49275,902
UT,2004,55841,1018,50871,927
UT,2005,58216,1384,54813,1303
UT,2006,56178,1718,54628,1671
UT,2007,53529,1218,53529,1218
UT,2008,34799,,,
VA,1984,42915,1868,22578,983
VA,1985,47779,1731,26000,942
VA,1986,44401,1810,24599,1003
VA,1987,44374,2399,25415,1374
VA,1988,48821,1814,28988,1077
VA,1989,50527,1834,31295,1136
VA,1990,47825,2047,31098,1331
VA,1991,43285,1814,29155,1222
VA,1992,47427,1930,32755,1333
VA,1993,43895,1351,31065,956
VA,1994,49531,2637,35802,1906
VA,1995,45694,1678,33824,1242
VA,1996,42580,1645,32358,1250
VA,1997,45151,2224,35053,1727
VA,1998,50016,2021,39372,1591
VA,1999,51746,1751,41584,1407
VA,2000,47672,1109,39594,921
VA,2001,47776,1106,40794,944
VA,2002,49558,957,42999,830
VA,2003,48771,1101,43261,977
VA,2004,51953,1394,47329,1270
VA,2005,53852,1390,50704,1309
VA,2006,53456,1302,51981,1266
VA,2007,47390,1398,47390,1398
VA,2008,46458,,,
VT,1984,50417,1661,26525,874
VT,1985,52243,2433,28429,1324
VT,1986,53635,1939,29715,1074
VT,1987,52373,1769,29996,1013
VT,1988,54985,2221,32648,1319
VT,1989,55084,1946,34118,1205
VT,1990,53938,1612,35073,1048
VT,1991,53650,1983,36137,1336
VT,1992,55308,1968,38198,1359
VT,1993,51480,1960,36433,1387
VT,1994,52083,2118,37647,1531
VT,1995,48933,1879,36222,1391
VT,1996,51598,1920,39211,1459
VT,1997,55332,2443,42957,1897
VT,1998,55074,2788,43354,2195
VT,1999,56859,2203,45693,1770
VT,2000,56786,1282,47163,1065
VT,2001,58840,1344,50241,1148
VT,2002,57202,1487,49631,1290
VT,2003,61760,1762,54783,1563
VT,2004,56137,1225,51141,1116
VT,2005,55137,1259,51914,1185
VT,2006,58739,1637,57119,1592
VT,2007,59161,1365,59161,1365
VT,2008,42829,,,
WA,1984,47551,1564,25017,823
WA,1985,44104,1389,24000,756
WA,1986,48520,1715,26881,950
WA,1987,47699,1935,27319,1108
WA,1988,54445,1735,32327,1030
WA,1989,51602,2377,31961,1472
WA,1990,49384,1905,32112,1239
WA,1991,50433,1759,33970,1185
WA,1992,49085,1806,33900,1247
WA,1993,50380,1570,35655,1111
WA,1994,46392,1646,33533,1190
WA,1995,48050,1691,35568,1252
WA,1996,48262,2116,36676,1608
WA,1997,57399,2209,44562,1715
WA,1998,60241,1752,47421,1379
WA,1999,56586,2588,45473,2080
WA,2000,51202,1458,42525,1211
WA,2001,49762,1480,42490,1264
WA,2002,52075,1111,45183,964
WA,2003,53559,1573,47508,1395
WA,2004,54799,1172,49922,1068
WA,2005,53790,1110,50646,1045
WA,2006,56275,1279,54723,1244
WA,2007,58080,1736,58080,1736
WA,2008,43262,,,
WI,1984,32014,1156,16843,608
WI,1985,29371,1522,15983,828
WI,1986,29717,1634,16464,905
WI,1987,30043,1358,17207,778
WI,1988,32594,1566,19353,930
WI,1989,34998,1361,21677,843
WI,1990,34044,1756,22137,1142
WI,1991,34365,1363,23147,918
WI,1992,29351,1292,20271,892
WI,1993,31681,1386,22421,981
WI,1994,32600,1684,23564,1217
WI,1995,33611,1175,24880,870
WI,1996,33223,1712,25247,1301
WI,1997,35406,1694,27488,1315
WI,1998,33923,991,26704,780
WI,1999,36457,1430,29297,1149
WI,2000,35412,777,29411,645
WI,2001,34752,789,29673,674
WI,2002,33837,806,29359,699
WI,2003,36936,1119,32763,993
WI,2004,36633,1288,33373,1173
WI,2005,38708,1143,36445,1076
WI,2006,39509,1248,38419,1214
WI,2007,42091,989,42091,989
WI,2008,42638,,,
WV,1984,39427,1561,20743,821
WV,1985,42718,2134,23246,1161
WV,1986,47706,1449,26430,803
WV,1987,46040,2462,26369,1410
WV,1988,49810,1647,29575,978
WV,1989,47020,2002,29123,1240
WV,1990,47230,1379,30711,897
WV,1991,46221,1511,31133,1018
WV,1992,48228,1588,33308,1097
WV,1993,44885,1893,31766,1340
WV,1994,48958,1760,35388,1272
WV,1995,55327,1781,40955,1318
WV,1996,52637,2342,40001,1780
WV,1997,51001,1481,39595,1150
WV,1998,52499,1615,41327,1271
WV,1999,56827,2337,45667,1878
WV,2000,54287,1146,45088,952
WV,2001,53107,1315,45346,1123
WV,2002,52905,1090,45903,946
WV,2003,52162,1103,46269,978
WV,2004,50200,1468,45732,1337
WV,2005,47422,1251,44650,1178
WV,2006,53158,1179,51692,1146
WV,2007,51277,1040,51277,1040
WV,2008,31375,,,
WY,1984,45268,1389,23816,731
WY,1985,40577,1928,22081,1049
WY,1986,42524,1558,23559,863
WY,1987,48172,2546,27590,1458
WY,1988,44494,1844,26419,1095
WY,1989,47662,2081,29521,1289
WY,1990,45306,1524,29460,991
WY,1991,43129,2052,29050,1382
WY,1992,43741,2056,30209,1420
WY,1993,41601,1649,29442,1167
WY,1994,45848,2557,33140,1848
WY,1995,42594,1535,31529,1136
WY,1996,40731,1129,30953,858
WY,1997,43051,1856,33423,1441
WY,1998,44779,1672,35250,1316
WY,1999,46351,1599,37248,1285
WY,2000,47715,1271,39629,1056
WY,2001,46517,1366,39719,1166
WY,2002,45828,1125,39763,976
WY,2003,47975,1127,42555,1000
WY,2004,49832,1258,45397,1146
WY,2005,47494,1602,44718,1508
WY,2006,48375,1546,47041,1503
WY,2007,48744,1363,48744,1363
WY,2008,37760,,,
