Date,Month,Year,AK,AL,AR,AZ,CA,CO,CT,DC,DE,FL,GA,HI,IA,ID,IL,IN,KS,KY,LA,MA,MD,ME,MI,MN,MO,MS,MT,NE,NC,ND,NH,NJ,NM,NY,NV,OH,OK,OR,PA,RI,SC,SD,TN,TX,UT,VA,VT,WA,WI,WV,WY
1/31/1995,1,1995,71,970,423,2507,3856,1764,412,,327,6501,4264,259,158,329,1389,1120,535,708,806,849,1492,112,1525,565,909,455,76,147,3378,17,203,978,580,1104,1438,1309,443,1010,1768,109,1511,63,1836,4813,928,2072,68,1767,749,180,54
2/28/1995,2,1995,90,901,523,2402,4866,1782,281,,240,6021,3962,291,335,390,1833,1371,564,700,861,706,1471,139,1660,795,1167,477,85,227,3333,15,160,877,594,831,1473,1493,556,1034,1450,84,1324,89,1876,5019,904,2023,84,1910,800,157,57
3/31/1995,3,1995,96,1197,645,3394,4907,2209,585,,366,7572,5200,218,584,650,3384,2475,802,1231,979,1310,2241,246,2767,1439,1734,613,151,435,4727,70,304,1453,696,1676,1661,3010,686,1357,2642,176,1890,154,2614,6083,1096,3710,164,2423,1554,293,115
4/30/1995,4,1995,204,1044,670,3146,5339,2265,656,,399,6513,4800,192,774,619,3062,2356,702,1076,886,1184,2231,403,3539,1671,1453,632,172,421,3901,152,369,1413,708,1958,1710,2896,491,1341,2879,163,1573,192,2398,5704,1234,2769,196,2304,2042,270,125
5/31/1995,5,1995,202,1165,697,3827,6308,2578,697,,403,7496,5201,273,743,791,3546,2668,804,1160,983,1390,2072,509,4156,2166,1633,687,207,435,4470,204,392,1676,831,2115,2637,3432,604,1580,3356,198,1793,309,2558,6266,1419,3047,214,2681,2387,303,112
6/30/1995,6,1995,207,1118,636,4087,7025,2788,666,,355,7797,5495,603,703,845,3553,2780,773,1072,1179,1362,1995,528,4229,2351,1871,706,205,485,4223,149,376,1685,985,2184,1821,3403,877,1513,2996,209,1793,235,2618,6320,1465,3337,203,2878,2363,340,150
7/31/1995,7,1995,167,1060,575,3652,5763,2720,662,,366,6869,5075,469,818,742,3186,2571,896,1126,1032,1316,2007,402,3517,2157,1687,687,183,518,4036,148,370,1443,725,1784,1867,2896,654,1423,2878,178,1920,194,2624,5904,1363,2964,163,2304,1978,319,113
8/31/1995,8,1995,203,1263,660,4014,8245,2848,844,,384,7678,5859,237,692,900,3477,2945,999,1331,1053,1320,2475,407,4097,2363,1843,716,167,530,4739,169,428,1721,857,1993,2236,3349,755,1432,3157,215,1657,234,2998,6748,1664,3782,198,2471,2174,304,135
9/30/1995,9,1995,166,1161,609,3414,5545,2523,648,,392,10126,5083,446,665,776,3370,2532,699,1120,988,1257,1595,403,3423,1984,1557,688,164,502,4042,177,369,1507,695,1814,1951,2826,624,1274,2767,190,1491,248,2629,6102,1450,2793,197,2138,1909,321,137
10/31/1995,10,1995,187,1181,706,3477,5919,2632,724,,407,6603,5111,321,724,663,3472,2667,770,1271,1004,1269,2239,399,3602,2157,1735,705,150,518,4168,161,353,1728,754,1971,1906,3279,792,1440,2863,187,1622,213,2582,5964,1460,3184,230,2405,2069,266,115
11/30/1995,11,1995,96,989,611,3171,5335,2401,654,,346,5890,4641,255,547,618,2988,2495,853,1010,786,1358,1876,309,3008,1873,1441,523,137,443,3985,69,285,1171,709,1484,1517,2623,638,1147,2335,199,1486,174,2197,5376,1360,2612,122,1967,1391,203,114
12/31/1995,12,1995,61,902,488,2897,5980,2129,590,,293,6020,4312,171,356,421,1975,1768,541,821,754,949,1424,228,2149,1178,1117,449,90,300,3480,29,200,1311,575,1344,2139,1708,608,1047,1774,112,1280,156,2024,5034,1087,2400,117,2347,1047,168,49
1/31/1996,1,1996,60,1050,531,3080,4679,2018,283,,269,6740,5096,140,218,349,1674,1589,564,529,1137,712,1130,117,1798,751,1038,594,54,274,3397,14,128,898,552,854,2023,1427,605,1178,1237,101,1525,71,2241,6850,998,1888,68,2043,731,142,57
2/29/1996,2,1996,72,1342,784,3230,4579,2176,377,,338,6923,5316,222,423,509,2200,1750,759,1057,986,805,1507,149,2124,1023,1740,634,74,332,3866,17,164,1014,638,1049,1727,2060,743,1352,1515,101,1781,79,2210,6817,926,2471,92,2284,975,201,116
3/31/1996,3,1996,102,1376,690,4155,6381,2674,591,,419,7391,5902,313,774,772,3074,2780,982,1297,1255,1117,2295,297,3104,1541,1916,770,146,518,4947,47,275,1525,759,1521,1938,3308,929,1495,2746,166,1940,210,2764,7890,1451,3186,199,2961,1729,296,228
4/30/1996,4,1996,194,1356,834,4239,7166,3217,753,,440,8018,7131,212,1119,892,4201,3372,1054,1423,1320,1497,2060,477,4442,2459,2003,832,212,630,5311,190,349,1618,825,2055,1987,4078,888,1523,3444,198,2033,260,3014,8372,1541,3793,186,3053,2611,354,153
5/31/1996,5,1996,276,1330,762,4011,6747,3195,973,,382,8519,6188,167,899,980,3754,3228,1045,1365,1272,1433,2495,554,4844,2576,1941,830,172,702,5363,194,512,1835,933,2253,2439,3900,783,1704,3598,204,2148,276,2943,8071,1588,3859,218,2976,2726,330,207
6/30/1996,6,1996,188,1160,706,3763,7241,3158,870,,430,8206,5127,224,732,824,3352,2728,812,1304,1153,1372,2202,513,4067,2474,1782,696,173,571,4980,145,444,1618,790,1982,2248,3514,655,1634,3202,202,2071,337,3170,6954,1555,3545,237,2723,2369,301,179
7/31/1996,7,1996,209,1270,720,3800,7124,2667,742,,389,8201,5489,251,795,952,3514,3199,865,1290,1093,1518,2085,490,4389,2350,1793,757,166,596,4797,178,412,1884,781,2325,2191,3888,728,1656,3121,207,1845,321,2589,7092,1526,3266,188,2776,2468,325,149
8/31/1996,8,1996,243,1276,747,3419,7086,2723,813,,398,8439,5244,336,793,762,3515,2905,884,1303,1109,1414,2064,523,4233,2045,1676,696,168,493,4557,185,487,1817,781,1943,2332,3534,777,1586,2948,194,1909,253,2591,7095,1554,3297,187,2519,2173,261,147
9/30/1996,9,1996,184,1059,634,3410,6104,2166,725,,310,7225,4939,259,752,722,3252,2548,747,1087,982,1283,1768,398,3582,1760,1559,633,127,409,3747,219,377,1713,707,1880,2170,2857,572,1209,2666,171,1543,262,2295,6103,1391,2701,167,2379,1925,244,108
10/31/1996,10,1996,133,1193,728,3202,6747,2686,749,,386,7629,5127,208,751,622,3360,2968,806,1170,1049,1418,1777,363,3934,1942,1667,734,140,498,4296,141,357,1920,837,1738,1695,3234,653,1493,2887,214,1922,238,2392,6323,1393,2976,167,2373,2083,356,123
11/30/1996,11,1996,76,874,426,2536,5290,1936,586,,278,6405,4526,164,492,530,2739,2046,641,958,846,1126,1639,268,2652,1244,1186,579,73,360,3689,57,282,1768,633,1608,1335,2290,496,1009,2199,164,1688,135,1815,5010,1055,2404,129,1741,1330,180,67
12/31/1996,12,1996,63,840,394,2928,4731,1914,567,,282,6461,4008,137,352,349,1880,1615,678,789,759,1071,1437,237,2128,1016,1148,461,44,366,3626,14,263,1612,644,1207,1656,1838,544,1036,1729,150,1725,78,2196,5186,924,2189,91,1834,872,164,63
1/31/1997,1,1997,63,1035,508,3255,4604,2005,433,,312,7223,4732,138,194,384,1363,1346,571,758,953,955,1404,197,1833,662,884,472,50,231,3931,4,191,1242,663,1024,1499,1509,576,1212,1787,163,1847,36,2039,5764,841,2372,58,1752,674,171,54
2/28/1997,2,1997,100,1069,574,3097,5816,2228,411,,320,6778,4532,125,208,515,1779,1617,619,1010,991,927,1423,136,2073,982,1163,511,81,256,4112,22,221,1151,666,891,1783,1698,654,1254,1751,132,1634,78,2190,5780,1040,2698,46,1986,796,169,79
3/31/1997,3,1997,162,1256,571,3552,6519,2924,687,,389,7448,5269,233,611,710,2832,2459,780,1225,1023,1167,1970,213,2825,1478,1709,684,127,533,4787,54,294,1713,717,1341,1932,2782,819,1471,2866,182,1949,164,2678,6553,1281,3124,125,2395,1533,282,83
4/30/1997,4,1997,225,1368,726,4036,7338,2923,791,,375,8002,5729,255,1183,855,3434,3209,875,1602,1337,1325,1825,377,4438,1931,1961,799,159,617,5910,102,415,1855,849,1862,2241,3483,732,1662,3094,197,2029,228,3102,7615,1458,3610,159,2738,2354,283,135
5/31/1997,5,1997,267,1264,615,3841,7439,3297,756,,399,7946,5083,225,829,842,3358,2851,886,1530,1169,1420,1920,506,3954,2112,1849,799,166,606,5193,148,423,1815,773,2226,2079,3297,739,1579,3091,187,2067,292,2615,7248,1472,3575,199,2838,2215,342,164
6/30/1997,6,1997,190,1144,598,3714,7985,2901,786,,336,8336,5323,231,902,817,3251,2558,926,1315,1278,1514,2114,464,3989,2380,1609,697,138,532,5019,133,429,1977,802,1932,1966,3067,727,1696,2974,201,1951,308,2702,7311,1479,3308,169,2937,2086,287,129
7/31/1997,7,1997,182,1251,600,3900,7819,2976,951,,364,7804,5202,276,765,839,3265,2676,770,1318,1194,1515,2146,463,3852,1961,1678,770,149,538,4766,122,427,1883,820,2080,2165,3127,727,1651,3081,207,1799,262,2655,7283,1248,3310,196,2844,1887,282,139
8/31/1997,8,1997,170,1125,492,3838,7514,2591,675,,333,7372,5141,220,759,825,2894,2597,676,1247,978,1388,1804,481,3680,1764,1394,636,119,475,4349,106,416,1693,688,1831,2046,3062,602,1315,2584,210,1805,234,2389,6926,1319,2996,214,2470,1815,237,111
9/30/1997,9,1997,260,1131,682,4276,7280,2833,727,,334,7488,5113,257,684,783,3112,2539,824,1369,1007,1380,1825,388,3744,1971,1610,740,148,546,4560,117,420,1738,536,1967,2263,2944,645,1400,2756,198,1860,240,2502,7133,1445,3025,180,2860,1810,257,129
10/31/1997,10,1997,132,1123,641,3674,8793,2763,837,,406,8062,5767,196,812,782,2871,2545,901,1364,1095,1474,1812,425,3607,2138,1499,662,123,605,4845,105,383,1937,793,2020,1989,2929,717,1243,2925,210,2016,277,2478,6949,1398,3096,139,2767,1739,254,114
11/30/1997,11,1997,103,863,468,2937,5817,1930,568,,287,6324,3771,232,554,557,2266,1991,662,986,841,1149,1419,312,2546,1394,1195,523,73,382,4189,43,394,1716,541,1293,1418,2156,576,849,2186,194,1507,156,1977,5467,1020,2277,93,1964,1292,145,73
12/31/1997,12,1997,49,805,405,3222,5975,2162,652,,309,6853,4198,144,320,519,1993,1804,667,985,878,1187,1568,224,2293,1271,1059,480,47,338,3631,28,284,1674,575,1411,1682,2674,572,1195,2094,180,1538,123,1817,5845,873,2508,104,2137,1120,170,63
1/31/1998,1,1998,72,962,416,2889,5023,2144,491,,320,6904,4624,165,248,458,1485,1544,558,1177,828,975,1438,168,1957,747,999,440,45,267,3796,16,235,1482,609,1190,1763,1867,565,1023,1904,149,1534,66,2016,6579,928,2350,96,1937,689,141,62
2/28/1998,2,1998,106,1097,512,3446,5028,2389,517,,321,7134,5178,193,389,577,2190,1991,734,938,999,1065,1427,203,2279,1116,1233,562,80,358,4296,23,228,1437,608,1166,1777,2252,801,1278,2037,134,1691,106,2188,7458,809,2543,69,2158,1194,179,81
3/31/1998,3,1998,169,1374,807,4694,8255,3110,804,,391,8042,6488,192,763,895,3101,2786,908,1655,1300,1444,1949,300,3553,1729,1658,830,167,451,6038,105,418,1844,566,1719,2252,3145,829,1618,2948,217,2177,177,2878,8677,1383,3714,152,3061,1675,294,129
4/30/1998,4,1998,282,1472,841,4953,8252,3512,909,,397,8608,6217,223,929,968,3828,3079,1093,1482,1307,1439,1800,433,4396,2212,1873,816,162,675,5842,234,517,2049,906,2101,3257,3748,1049,1574,3403,247,2099,287,2802,8953,1516,3870,187,3157,2487,298,182
5/31/1998,5,1998,239,1299,772,4152,7992,3201,883,,395,7843,5711,250,929,918,3442,3057,979,1697,1221,1500,2446,515,4353,2420,1945,837,155,663,5361,181,468,1880,1048,2159,1700,3567,822,1444,2919,196,1992,293,2852,8971,1322,3107,200,2912,2250,300,130
6/30/1998,6,1998,195,1337,613,4746,9854,3371,976,,407,9585,5958,221,871,975,3721,3172,951,1247,1366,1540,2153,596,4587,2677,1998,978,145,620,5877,148,505,2550,898,2533,2014,3624,923,1595,3427,231,2127,317,2949,9094,1445,3909,256,3117,2349,322,165
7/31/1998,7,1998,235,1235,612,4663,9588,3394,885,,478,9412,5800,262,971,976,3306,2869,896,1646,1227,1454,2112,528,4094,2385,1893,769,147,550,5653,178,535,2315,838,2011,1919,3384,916,1758,3099,254,2104,287,2683,9024,1315,3585,183,2853,2177,305,150
8/31/1998,8,1998,213,1368,627,4174,8231,2841,841,,467,8984,6299,219,759,834,3122,2800,805,1330,1152,1388,2100,414,3778,2097,1616,784,105,636,5288,149,423,2053,767,1963,1830,3394,830,1514,2961,211,2131,295,2678,8901,1296,3392,191,2506,2090,292,114
9/30/1998,9,1998,171,1200,664,4050,7947,2905,858,,369,7854,6161,207,846,885,3128,2842,858,1406,1030,1420,2605,496,3893,2278,1662,756,138,548,5329,253,498,1894,838,2105,2341,3229,722,1379,3072,179,2067,256,2637,7895,1349,3624,185,2645,1947,269,145
10/31/1998,10,1998,157,1237,605,4155,8011,3055,821,,372,8146,5872,208,909,852,3201,2913,937,1445,1195,1346,1834,456,4180,2268,1638,828,156,544,5810,225,457,2339,839,2107,1963,3986,841,1465,2950,263,2116,270,2529,7877,1279,3426,165,2508,2229,243,112
11/30/1998,11,1998,96,984,503,3616,6799,2558,768,,350,6733,5153,177,704,685,2771,2357,721,1221,881,1300,1577,372,3200,1937,1464,637,121,447,4685,119,381,1834,641,1682,1821,2890,652,1087,2719,217,1784,229,2132,6811,1019,2899,122,1883,1530,201,89
12/31/1998,12,1998,81,1078,460,3745,7213,2878,825,,373,7573,6034,202,645,556,2526,2281,948,1332,996,1334,1687,378,3118,1814,1502,633,80,436,5185,95,376,2037,753,1764,1787,2443,767,1094,2228,193,2132,170,2162,7308,961,3179,121,1833,1386,199,65
1/31/1999,1,1999,60,1098,521,3804,6144,2517,586,,398,7685,5195,210,341,535,1666,1356,590,883,1012,878,1286,169,1651,711,1027,639,45,325,4380,18,247,1484,624,1315,1358,1676,750,1098,1735,175,1916,85,1811,7139,874,2697,57,1887,809,182,72
2/28/1999,2,1999,55,1192,604,3984,6125,2621,501,,400,7810,6055,179,557,502,2315,2128,757,1290,1089,935,1708,234,2253,1144,1453,794,85,393,5270,18,267,1629,404,1468,2374,2350,820,1146,2286,156,2217,132,2751,7822,939,3029,96,2008,1122,207,89
3/31/1999,3,1999,121,1653,724,5643,9083,3705,811,,523,9712,7124,289,1001,936,3534,3258,1048,1786,1369,1464,2164,359,3904,2318,2146,903,151,598,6374,97,434,1959,945,1865,2266,3646,1106,1543,3163,211,2539,281,3129,10249,1641,4212,169,2898,2093,357,165
4/30/1999,4,1999,154,1547,743,4930,8923,3493,1074,,413,9036,6584,230,1039,1024,3899,3515,1060,1675,1342,1522,2165,599,4596,2758,1958,918,147,645,5973,215,633,2140,1022,2428,2031,4085,1031,1728,3517,264,2469,304,2906,9364,1370,4239,240,2872,2974,364,150
5/31/1999,5,1999,250,1421,653,4896,9425,3397,950,,442,8948,5914,325,898,966,3546,3210,1046,1609,1346,1424,2114,591,4558,2510,1840,856,152,619,5859,137,529,2282,864,2408,2132,4019,854,1433,3583,251,2256,291,2820,9007,1280,4228,239,2795,2411,330,183
6/30/1999,6,1999,189,1573,776,5431,12487,4121,1047,,433,9785,6502,273,958,1125,3873,3555,937,1819,1183,1488,2099,605,4652,3057,1978,924,169,687,6491,156,518,2375,1019,2512,2617,4135,1178,1642,3734,257,2580,341,2925,9504,1394,4140,318,3228,2431,334,125
7/31/1999,7,1999,182,1458,772,4540,10046,3375,789,,415,9661,5822,211,1051,880,3563,3041,996,1426,1137,1485,2523,580,4089,2359,1768,780,135,611,5436,151,539,2292,828,2524,2119,4070,1006,1457,3235,261,2315,336,2763,8801,1315,3745,254,2719,2100,298,142
8/31/1999,8,1999,158,1347,765,4295,8059,3213,920,,394,9450,6594,321,1141,898,3737,3210,871,1373,1216,1447,2176,456,4176,2577,1790,894,113,649,5550,212,513,2540,724,2470,2215,3761,969,1431,2972,215,2292,260,2791,8995,1341,3401,167,2571,2258,275,134
9/30/1999,9,1999,169,1425,744,4291,7641,3013,820,,395,8131,5681,201,842,847,3794,2796,960,1261,1095,1216,1781,500,3893,2562,1591,731,94,566,4755,190,459,1969,694,2096,2171,3663,833,1363,2597,210,2299,290,2543,7991,1062,3264,204,2495,2310,290,123
10/31/1999,10,1999,104,1415,652,3488,7225,2996,644,,425,8005,5397,309,757,830,3644,2993,983,1223,952,1182,1819,415,3780,2328,1566,695,114,522,4495,168,424,1987,551,1978,1573,3413,718,1351,2621,244,1911,290,2671,7182,1209,3089,143,2321,2222,240,137
11/30/1999,11,1999,63,1110,542,3150,6677,2532,737,,337,7895,5338,208,849,673,3447,2437,772,1237,942,1176,1749,351,3049,1887,1475,624,91,617,4549,94,405,1847,591,1847,1896,2989,694,1130,2587,204,1853,224,2404,6980,1068,2739,133,1884,1714,287,101
12/31/1999,12,1999,42,1031,491,3463,8054,2787,621,,362,7661,5445,227,479,494,2419,2007,731,956,797,1202,1849,364,2591,1734,1248,566,73,466,4275,44,377,1969,654,1484,1996,2287,760,1041,2249,200,1757,135,1854,6565,967,2674,121,1877,1093,185,72
1/31/2000,1,2000,72,1174,535,3378,6700,2470,399,,328,7833,5117,208,347,510,2047,1586,683,1099,994,844,1674,260,2139,1114,1235,577,56,306,3775,25,256,1416,597,1285,1837,1937,663,925,1934,156,1873,143,2025,7537,944,2744,74,1714,873,177,69
2/29/2000,2,2000,69,1429,808,3792,6310,2679,481,,382,8166,5757,163,474,618,2471,1845,708,1281,1155,885,1791,216,2422,1346,1477,741,84,393,4722,31,280,1387,675,1314,1945,2362,841,1002,1878,152,2050,168,2444,8878,1082,3199,85,1965,1223,224,80
3/31/2000,3,2000,140,1650,739,4735,9121,3467,845,,452,9504,7198,392,1066,862,3866,3136,891,1573,1270,1327,2529,401,4055,2487,1879,774,166,614,6334,107,467,1998,861,2119,2337,3574,925,1558,3255,223,2405,297,2707,10638,1312,4385,184,2614,2344,316,170
4/30/2000,4,2000,139,1316,615,4395,8835,3202,748,,280,8223,5814,249,878,854,3824,2933,800,1356,1028,1188,1777,530,4226,3178,1667,692,169,627,4427,119,477,1699,700,2223,2101,3653,858,1364,2927,220,2121,330,2312,8747,1343,3442,203,2467,2412,281,165
5/31/2000,5,2000,205,1645,593,5103,10125,3376,766,,415,9509,6794,406,1105,964,3688,3118,1031,1474,1284,1280,2244,643,4450,2443,1911,742,143,565,5355,150,648,2389,783,2229,2074,3932,818,1529,3560,218,2274,315,2517,9933,1363,3841,253,2727,2501,300,139
6/30/2000,6,2000,163,1388,554,4411,10568,3428,791,,485,10402,5816,370,783,927,3467,3084,827,1336,1098,1350,2233,655,4185,2569,1515,736,162,738,5686,142,560,1982,829,2414,2093,3467,721,1564,3151,211,2242,360,2406,9564,1286,3982,258,2624,2410,296,149
7/31/2000,7,2000,183,1194,548,3520,8423,3123,675,,289,8211,5391,241,643,799,3450,2570,740,1066,1081,1206,1918,561,3747,2017,1343,628,123,535,4478,113,542,1837,724,2144,1827,3460,675,1257,2813,199,1870,367,2085,8669,1193,3155,200,2258,1903,287,140
8/31/2000,8,2000,191,1819,820,5360,11905,3013,759,,555,12880,6926,407,1426,1192,4252,3201,842,1658,1554,1104,1986,626,3957,2867,1984,1003,302,810,5963,270,622,1698,936,2123,2572,4358,1092,1777,3228,165,2748,364,3166,11807,1796,4568,300,3673,2955,369,231
9/30/2000,9,2000,146,1156,495,4120,8147,3161,667,,329,8172,5162,262,793,845,3228,2486,702,1171,1050,1200,1780,423,3573,2023,1258,661,118,479,4323,149,583,1848,668,1967,1915,3350,812,1380,2711,175,2016,297,1995,8305,1077,2971,165,2281,1959,240,130
10/31/2000,10,2000,135,1284,729,3697,8935,3399,736,,414,8258,5931,333,730,791,3358,2714,833,1131,985,1161,2002,484,3813,2382,1406,712,140,604,4737,141,620,2105,623,2253,2110,3231,668,1237,3052,188,2164,310,2092,8813,1204,3379,165,2437,2550,317,124
11/30/2000,11,2000,74,1049,496,3011,8284,2848,751,,361,7542,5092,299,617,721,3027,2130,642,1135,766,1144,1903,337,2913,1551,1176,524,96,417,4204,65,412,1864,540,1789,2078,2796,598,1201,2461,174,1767,204,1690,7490,911,3065,137,1834,1658,258,109
12/31/2000,12,2000,66,809,354,3066,8251,2562,546,,346,7306,4198,309,262,410,1577,1491,381,830,807,912,1975,218,1568,1210,789,370,74,294,3501,16,431,1540,502,1540,1901,1918,419,1013,1794,167,1412,93,1415,7175,836,2507,102,1720,1013,160,47
1/31/2001,1,2001,78,1242,493,3591,9075,2745,483,,361,8891,5724,309,396,572,2093,1697,577,908,942,802,1609,222,1902,1184,1069,522,82,317,4981,8,294,1410,435,1222,1864,2141,546,1202,1827,152,2069,146,2003,8609,845,3055,102,2002,1090,206,65
2/28/2001,2,2001,100,1242,551,3848,7318,2814,376,,380,8319,5777,329,300,582,2263,2028,503,1119,938,821,1683,240,2060,1130,1087,652,86,287,4856,34,326,1222,638,1074,1863,2242,701,1232,1903,132,2010,118,2016,8369,961,3154,107,2064,1277,223,70
3/31/2001,3,2001,146,1588,774,4417,9614,3901,506,,479,9712,6636,368,818,926,3504,3132,910,1400,1217,973,2122,305,3206,1993,1928,771,139,569,5535,77,401,1633,1022,1912,2425,3621,986,1595,2774,162,2286,259,2782,10311,1351,3859,130,2875,2039,330,134
4/30/2001,4,2001,191,1492,736,4279,9975,3468,716,,389,10094,6621,356,997,931,3882,3167,877,1503,1225,1125,1908,470,4258,2268,1767,922,160,624,5685,184,523,1471,928,2216,2671,3896,1009,1639,2772,197,2405,358,2685,9804,1208,3860,179,2733,2316,351,136
5/31/2001,5,2001,216,1533,786,4689,10329,3846,729,,437,11025,6852,478,1066,1144,4122,3632,934,1430,1348,1302,2120,748,4365,2909,1886,854,171,669,5889,177,567,1788,889,2578,2430,4179,912,1618,3431,220,2336,377,2541,11023,1395,3745,255,2663,2630,307,155
6/30/2001,6,2001,221,1455,753,4351,10029,3784,731,,430,10464,6785,283,865,931,3966,3389,845,1404,1190,1170,2375,613,4320,2649,1651,734,167,659,5670,170,583,1823,470,2344,2495,4105,936,1537,3137,223,2186,390,2670,10630,1340,3761,226,2723,2509,273,185
7/31/2001,7,2001,214,1378,651,4156,8954,3101,793,,376,10667,5782,344,818,842,3663,2950,743,1290,1182,1235,2142,590,4058,2527,1627,683,163,605,5082,124,566,1938,954,2204,2281,3728,839,1491,3107,192,1912,325,2303,9603,1300,3097,241,2506,2314,320,139
8/31/2001,8,2001,166,1568,741,4565,9521,3400,930,,404,10894,6275,333,766,894,3854,3020,982,1352,1286,1336,2236,550,4051,2427,1760,780,172,775,5699,134,593,1954,836,2293,2743,3671,884,1415,3193,200,2271,311,2631,9587,1443,3405,209,2653,2175,317,130
9/30/2001,9,2001,119,1050,521,3973,6995,2642,604,,330,8391,5008,354,737,706,3104,2269,683,1110,945,1046,1633,497,3279,2016,1347,494,122,492,4312,139,473,1574,716,2045,2268,2952,665,1178,2276,175,1746,311,1906,8005,1148,3024,235,2225,2079,278,121
10/31/2001,10,2001,168,1353,621,3717,8282,2674,750,,398,9691,5248,291,924,827,3630,2652,811,1289,1057,1129,2083,498,3287,2488,1543,668,134,566,4860,182,496,1840,758,2360,2156,3288,787,1321,3017,187,2034,316,2136,9008,1172,3565,188,2200,2182,318,117
11/30/2001,11,2001,138,1241,526,3155,7278,2087,638,,357,9405,4891,306,777,605,2897,2310,745,1138,939,1056,1784,346,2777,1973,1433,661,91,486,4748,93,476,1769,601,1774,1952,2941,738,1084,2333,189,1917,257,1816,7337,902,3086,128,1677,1673,238,91
12/31/2001,12,2001,89,1085,467,2978,7903,1963,708,,313,8583,4660,205,490,427,2145,1736,817,891,828,951,1651,310,2109,1632,1119,473,94,360,4009,32,310,1530,266,1623,1591,2362,611,899,2122,175,1642,146,1773,7457,909,2504,88,1670,1163,213,63
1/31/2002,1,2002,114,1497,605,3667,7581,2041,508,,416,10819,5464,250,417,589,2305,1929,519,1186,1182,960,1629,274,2208,1275,1367,654,125,347,4460,28,396,1490,372,1573,1842,2396,862,1194,1997,211,2129,139,1982,9014,971,3429,94,1931,1084,243,70
2/28/2002,2,2002,94,1751,593,4120,8022,2382,462,,386,10681,6048,282,538,541,2557,1891,636,1371,1175,822,1844,341,2132,1357,1465,684,104,373,5761,38,532,1513,727,1532,1961,2528,962,1244,2442,139,2148,367,2610,8901,868,3845,90,2037,1295,252,110
3/31/2002,3,2002,179,1703,596,4315,9937,3204,746,,477,10842,6593,269,866,736,3348,2546,894,1425,1307,1004,2097,442,3285,1813,1639,754,134,553,5639,82,454,1530,848,1849,2428,3432,894,1441,2740,178,2434,203,2419,10112,1215,3756,166,2560,1809,314,126
4/30/2002,4,2002,135,1779,790,5137,10791,3432,867,,552,10000,7041,372,1035,970,4552,3120,819,1582,1310,1204,2193,563,4016,2569,2018,912,194,819,6660,195,619,1895,928,2500,1986,4119,1059,1635,3475,201,2726,343,2899,11753,1398,4081,270,3091,2876,366,188
5/31/2002,5,2002,215,1600,772,5624,11264,3620,787,,525,10475,7365,424,1083,1087,4075,3303,901,1504,1541,1351,2097,697,4484,2827,1683,881,211,663,6168,182,628,2102,1020,2490,2247,4190,1006,1808,3599,207,2557,357,2733,11654,1531,4178,251,3048,2650,379,187
6/30/2002,6,2002,181,1562,848,4923,10586,3593,701,,475,10541,6070,369,897,911,3891,2893,893,1455,1180,1158,2252,607,3858,2525,1716,748,220,591,5553,189,569,1907,941,2479,2369,3719,819,1551,3473,208,2697,366,2777,10778,1710,4030,209,3186,2463,326,194
7/31/2002,7,2002,178,1638,723,4867,11430,3236,1002,,469,11059,6835,358,846,948,3674,2821,838,1504,1361,1253,2177,628,3959,2449,2029,737,158,682,5665,201,604,2124,1035,2385,2402,3684,913,1672,3154,161,2306,344,2684,10861,1458,4252,245,3162,2444,329,154
8/31/2002,8,2002,148,1569,772,4966,10761,3170,685,,547,11501,6565,462,819,953,3692,2903,791,1422,1274,1233,2124,550,3863,2408,1779,723,179,587,5964,214,593,1738,989,2074,2297,3442,862,1560,2969,202,2327,322,2618,10857,1555,4349,230,2927,2333,371,152
9/30/2002,9,2002,191,1321,632,4354,9267,2840,757,,381,9710,5790,434,860,932,3792,2662,686,1369,1180,1162,2094,543,3532,2333,1715,759,170,632,5065,287,606,1923,982,2222,2387,3240,949,1557,3039,176,2078,294,2356,9288,1291,3813,228,2699,2369,321,149
10/31/2002,10,2002,155,1677,623,5326,12421,2985,826,,587,11474,5930,545,922,1040,4517,3090,908,1350,1191,1150,2077,607,4109,2652,1815,803,221,756,5405,168,620,2005,912,2281,2728,3807,897,1739,3423,191,2297,343,2659,10649,1349,4076,199,3112,2603,343,168
11/30/2002,11,2002,81,1265,626,3842,8987,2318,635,,486,10004,4873,253,894,746,3084,2520,776,1158,911,1064,1676,370,2927,1936,1440,590,139,613,4769,134,405,1502,708,1746,2169,3056,995,1074,2573,175,1802,235,2009,8336,1117,3027,171,2448,1731,264,125
12/31/2002,12,2002,74,1385,510,3753,8738,2525,640,,486,9967,5041,351,750,697,2748,1848,712,961,1069,936,1607,369,2567,1920,1414,505,116,388,5895,27,357,1530,718,1997,2454,2658,750,1284,2541,143,1911,325,1876,8156,1118,3145,123,2167,1446,252,104
1/31/2003,1,2003,45,1492,638,4097,11253,2399,390,,367,10862,5822,397,446,651,2177,1650,625,1094,1297,732,1681,330,2002,1526,1336,766,129,369,4725,44,372,1479,795,1346,2134,2265,975,1418,2024,106,2517,193,2213,9453,1113,3351,113,2491,1304,235,88
2/28/2003,2,2003,101,1554,568,4354,9107,2413,363,,419,11181,6044,479,403,696,2330,1667,629,1097,1130,575,1249,266,2016,1251,1351,625,123,500,4117,41,276,1050,783,1031,2452,2282,978,1464,1735,86,2172,126,2011,9461,1223,3391,115,2461,1116,211,88
3/31/2003,3,2003,126,1769,862,5049,11156,2383,557,,459,11608,6056,449,1129,1006,3562,2582,884,1566,1263,904,1915,394,3010,1876,1886,761,154,779,5488,88,454,1627,984,1545,2545,3529,1014,1581,2575,148,2564,277,2997,11430,1419,4097,168,3059,1858,360,140
4/30/2003,4,2003,191,1819,820,5360,11905,3013,759,,555,12880,6926,407,1426,1192,4252,3201,842,1658,1554,1104,1986,626,3957,2867,1984,1003,302,810,5963,270,622,1698,936,2123,2572,4358,1092,1777,3228,165,2748,364,3166,11807,1796,4568,300,3673,2955,369,231
5/31/2003,5,2003,322,1677,836,5305,12565,3027,764,,719,12965,6623,326,1297,1208,3905,3249,885,1592,1551,1170,2496,690,4388,3043,1930,886,184,826,5921,233,649,1814,1016,2505,2805,3907,1077,1633,3226,195,2649,439,2621,11917,1576,4225,257,2909,2882,405,181
6/30/2003,6,2003,146,1864,888,6077,13038,3135,823,,535,13526,6529,427,1368,1050,4543,3138,1087,1397,1547,1158,3239,673,4539,3245,1933,789,213,832,6457,251,613,1939,1117,2564,3346,4000,1056,1682,3277,168,2877,386,3075,12235,1651,4468,267,2955,2814,393,181
7/31/2003,7,2003,170,1943,793,5848,12207,3276,832,,621,13788,6975,477,1399,1286,4372,3230,1064,1586,1435,1260,1954,688,4531,3191,2193,938,214,933,5824,259,617,1833,1048,2401,3210,4148,1345,1745,3609,172,2875,454,3001,12699,1557,4196,232,3148,2717,439,196
8/31/2003,8,2003,165,1984,1096,5796,11042,2891,747,,595,13701,6874,411,1095,1077,4211,3098,877,1594,1450,1088,1770,639,4077,2920,1984,948,202,648,6247,339,583,1981,974,2227,2730,3947,1072,1688,3210,167,2490,353,3074,12087,1688,4474,207,2916,2503,431,191
9/30/2003,9,2003,140,1800,824,5738,11671,2931,701,,575,12547,7050,395,1078,1233,4210,3107,753,1605,1425,1138,1760,665,4612,3446,1953,1023,220,783,5652,247,544,1895,1119,2300,3035,4106,1059,1631,3231,213,2644,425,2788,11296,1682,3792,199,2912,2614,359,182
10/31/2003,10,2003,165,1751,824,5594,13351,3548,887,,701,14072,7021,455,1199,1312,4843,3202,983,1738,1563,1287,2025,590,4829,3356,2052,1046,202,818,6226,240,592,2105,1124,2490,2640,4181,1089,1781,3327,243,2772,393,3274,11254,1797,3962,249,2934,2988,392,182
11/30/2003,11,2003,91,1443,587,4343,9718,2220,633,,613,10552,5142,376,1019,983,2878,2173,762,1144,1137,1000,1458,403,2903,2200,1563,766,126,534,4598,148,385,1735,828,1846,2088,2979,799,1055,2502,192,1966,289,2094,8361,1264,3082,148,2104,2051,282,115
12/31/2003,12,2003,93,1613,644,5827,11242,2556,594,,650,13068,6784,399,644,817,2580,1988,1070,1005,1216,1119,1998,417,2652,2007,1468,690,126,497,5256,45,336,1515,888,1677,3364,2617,922,1184,2623,135,2387,219,2344,9567,1243,3495,131,2243,1503,329,117
1/31/2004,1,2004,74,1755,719,4417,11051,2378,447,,452,11941,6343,493,470,637,2597,1779,592,1101,1199,807,1665,368,2111,1178,1396,794,80,382,5225,26,336,1254,836,1226,2690,2151,818,1234,1924,141,2242,153,2574,10203,1153,3166,100,2152,1169,327,72
2/29/2004,2,2004,87,1786,678,4876,10288,2365,418,,633,12964,6247,342,428,803,2591,1918,691,1468,1070,716,1460,318,2475,1363,1439,726,96,479,5487,23,344,1269,1126,1328,2974,2493,1006,1325,2163,110,2486,198,2788,10772,1156,3281,85,2344,1459,349,135
3/31/2004,3,2004,146,2284,913,7407,14368,3688,766,,758,15418,8791,516,1211,1223,4289,3000,1060,2066,1710,1227,1906,591,3656,2215,2503,1229,203,728,7589,196,565,1861,1163,2121,3230,4190,1296,1892,4323,174,3419,520,3788,14021,1704,5105,263,3229,2161,440,208
4/30/2004,4,2004,250,2349,828,6602,14254,3671,802,,494,15923,7656,655,1368,1227,4320,3135,1096,1477,1655,1285,2044,911,4573,3372,2174,1161,219,910,6977,302,646,2048,1151,2394,3713,4213,1244,1917,4859,185,3032,593,3426,13682,1865,4424,309,3297,2937,492,228
5/31/2004,5,2004,206,2088,888,6849,14221,3936,716,,679,16196,7346,451,1391,1372,4058,2962,904,1713,1626,1254,1915,810,4314,3213,2200,896,221,956,6664,277,610,2005,1173,2400,4788,3816,1145,1918,3716,184,3205,374,3212,12909,1792,4150,289,3614,2702,429,254
6/30/2004,6,2004,220,2207,879,7532,14090,3605,906,,737,18002,7844,532,1303,1563,4491,3336,995,1776,1689,1427,2259,950,4319,3489,2243,964,227,880,7544,350,639,2108,1364,2371,4050,4122,1170,2079,4262,189,3158,416,3410,13423,1895,4427,381,3918,2950,531,231
7/31/2004,7,2004,209,2128,918,8374,12822,3383,906,,680,17186,6844,497,1109,1388,4413,2970,879,1552,1574,1327,1804,661,4410,2990,2106,1018,237,739,6746,249,682,1855,1041,2320,3505,3657,1130,1918,3099,173,2966,431,3399,12472,1819,4102,257,3346,2689,532,306
8/31/2004,8,2004,198,2082,875,7037,13411,3243,903,,739,15029,7712,555,1074,1293,4889,2912,965,1639,1800,1279,1914,631,4117,2995,2150,935,209,867,6942,266,560,2089,975,2374,2831,3913,1131,2141,2835,193,3123,401,3258,12742,2268,4393,226,3069,2632,414,217
9/30/2004,9,2004,172,1860,951,6469,12518,3676,832,,577,13079,7679,477,1047,1357,4242,2757,976,1527,1597,1216,1739,753,4361,3008,1974,945,230,726,5834,227,546,1920,1156,2098,2875,3622,1239,1988,2711,176,2967,313,3034,11482,1804,4494,218,3313,2635,382,264
10/31/2004,10,2004,98,1688,780,6123,11704,2833,764,,690,14726,6331,475,1084,1275,3839,2742,716,1548,1506,1099,2069,615,4011,2921,1964,839,169,785,5918,228,652,1747,1019,2028,2114,3376,1047,1638,2655,136,2626,450,2911,11223,1725,3913,205,3140,2504,371,194
11/30/2004,11,2004,83,1723,671,5399,10962,2345,1029,,606,13048,5555,295,1015,1143,3331,2704,729,1188,1443,1089,1726,595,3282,2254,1550,696,202,640,5425,109,478,1717,916,1912,2480,2899,892,1462,2595,152,2743,408,2644,9544,1657,3249,174,2568,2155,346,179
12/31/2004,12,2004,79,2104,728,5535,10836,2726,635,,556,13750,6197,350,708,1171,2717,2056,789,1027,1330,1050,1654,582,2558,1978,1888,702,188,599,5735,105,431,1709,855,2003,2461,2408,1117,1685,2200,134,2718,224,2739,10070,1308,3488,148,2493,1701,312,163
1/31/2005,1,2005,67,1942,813,5475,9564,2691,443,,562,14913,6782,419,433,977,2176,1511,507,1145,1955,811,1343,372,2107,1062,1666,832,225,418,5773,10,371,1375,881,1181,1687,2109,944,1653,1825,99,2937,170,2839,10880,1497,3273,87,2705,1158,356,119
2/28/2005,2,2005,64,1783,788,5831,9771,2823,460,,591,15241,6277,512,644,1253,2705,1765,786,1498,1431,697,1692,395,3731,1167,1614,698,164,511,6226,40,307,1254,1007,1074,2861,2740,1108,1721,2053,105,3083,196,2800,12083,1476,3371,100,2722,1288,334,140
3/31/2005,3,2005,173,2258,1091,6853,13887,3741,645,,605,18391,8496,936,1262,1688,4159,2903,1026,1851,1764,1137,2431,560,2969,2051,2610,1142,314,870,7261,144,485,1889,1129,1506,3256,3995,1513,2169,2580,131,3714,451,3608,14280,2148,4610,173,3882,2097,505,226
4/30/2005,4,2005,189,2081,1022,7037,14519,3714,687,,749,18073,7297,555,1331,1628,4471,3118,1017,1829,1735,1095,2407,701,3930,3013,2713,982,394,776,7714,277,549,1805,1103,2188,2895,4569,1401,2335,3235,161,3553,546,3451,14645,2199,4702,274,3512,2742,467,262
5/31/2005,5,2005,211,2089,892,7163,14188,3580,972,,597,17311,8147,645,1194,1785,4668,3161,1001,1718,1672,1335,2381,858,4025,3509,2176,1022,467,923,7440,192,763,1729,1334,2341,3602,4333,1353,2233,3524,175,3721,455,3390,14307,2336,5030,400,3586,2975,463,287
6/30/2005,6,2005,203,2095,998,7987,14859,3931,937,,693,19836,8070,556,1339,1888,4906,3082,1182,1746,1889,1414,2602,879,4233,3292,2213,1108,345,942,8137,222,576,1932,1281,2625,4044,4505,1374,2385,4017,207,4623,435,3718,15241,2380,5300,296,3823,2924,557,261
7/31/2005,7,2005,131,1930,1018,6428,13452,3567,812,,634,16675,7082,490,1168,1656,4789,2662,1075,1653,1614,1301,1584,741,3665,3039,1924,904,292,900,7158,196,534,1932,1094,2433,3524,4165,1323,2120,3686,165,3210,466,3193,14104,1898,4456,251,3383,2482,435,246
8/31/2005,8,2005,180,2076,1023,7196,12525,3662,871,,674,20044,9053,491,1264,2025,4831,3200,1005,1534,1884,1530,2456,853,4075,2890,2217,1115,378,961,8251,285,720,1866,1163,2415,3837,4352,1418,2417,3756,173,4026,438,3874,15680,2444,4495,297,3862,2732,560,266
9/30/2005,9,2005,181,1996,978,6782,14667,3788,837,,605,19375,7441,804,1263,1758,4589,2839,994,1189,1575,1334,1772,846,3626,3059,1898,731,433,890,7294,333,630,1863,1160,2812,3360,4207,1408,2174,3718,171,3677,549,3338,13343,2341,3986,262,3569,2795,498,269
10/31/2005,10,2005,111,2092,795,6037,11240,3130,604,,530,15201,7409,581,1339,1528,4445,2987,1115,1325,1502,1393,2088,656,3465,2962,2058,1038,428,1159,6966,287,526,1776,1097,2106,3040,4069,1294,1999,3360,151,3611,389,3081,13876,1981,3890,196,3402,2616,346,250
11/30/2005,11,2005,81,1873,848,5344,9399,3023,637,,494,15022,6610,439,1072,1421,4047,2499,1205,1104,1651,1097,1842,531,2708,2111,1825,956,297,664,6482,118,422,1649,974,1850,2579,3592,1189,1617,2991,124,3436,431,3273,12742,1862,3472,107,3107,2022,357,228
12/31/2005,12,2005,135,1762,1014,5873,9271,2780,533,,547,14404,6644,459,505,1080,2913,1715,718,875,1361,980,1746,424,1783,1596,1381,847,226,551,5922,36,400,1535,953,1452,2951,2413,1084,1458,2204,143,3325,219,2644,12373,1688,3282,130,2740,1368,285,129
1/31/2006,1,2006,68,2227,936,5502,8874,2719,447,,560,16079,6586,460,581,1194,2621,1658,746,943,1449,904,1522,396,1660,1247,1415,939,279,465,6641,18,295,1426,921,1267,2567,2092,1184,1530,2585,153,3381,225,3264,13392,1645,3368,116,2374,1148,412,137
2/28/2006,2,2006,74,1869,875,4987,9049,2702,412,,423,16409,6875,542,597,1231,2819,1875,782,1028,1631,881,1833,364,1677,1243,1405,914,241,562,7001,32,327,1223,1021,1314,2994,2424,1207,1678,2285,107,3503,187,3176,13122,1453,3546,118,2763,1256,427,160
3/31/2006,3,2006,127,2508,955,6132,10199,3191,662,,474,18710,8379,578,1046,1489,4149,2619,961,1232,2312,1202,2188,574,2369,2052,1945,1371,332,689,8223,122,512,1834,1410,1955,3619,3657,1423,2042,3517,141,4555,459,3903,16804,2125,4287,245,3304,2009,552,222
4/30/2006,4,2006,185,2003,1030,5397,10862,2892,641,,491,14414,7205,460,1024,1580,3916,2315,931,1117,1648,1050,1930,699,2435,2178,1861,1224,334,666,7074,278,475,1424,1030,1994,2702,3539,1370,1947,3475,122,3689,549,2908,14312,1908,3950,219,3120,2269,337,199
5/31/2006,5,2006,245,2234,802,6574,11985,3281,718,,580,14914,8361,450,1116,1921,4405,2405,1001,1479,1874,1048,2125,675,3655,2661,1912,1492,422,721,8597,224,553,1670,1196,2148,2965,3891,1405,2259,3373,127,4042,480,3717,16399,2162,3975,285,3285,2500,456,287
6/30/2006,6,2006,262,2102,1032,5672,11615,3181,731,,515,13805,8264,464,1011,1502,3778,2512,928,1481,1843,1072,1848,753,2734,2520,1694,1389,369,856,7551,289,591,1674,1107,2048,2597,3462,1282,2110,3214,149,3888,461,3488,16246,2452,3663,289,3557,2270,425,270
7/31/2006,7,2006,137,1903,852,4035,8083,2462,677,,382,11261,6680,343,915,1434,3486,1983,791,1116,1549,921,1230,586,2536,1894,1803,1185,299,658,6262,208,422,1584,894,1917,1959,2929,1187,1790,2598,118,3343,392,3160,13041,1937,2980,233,2647,1723,397,222
8/31/2006,8,2006,172,2286,909,4355,7649,2795,618,,511,11481,7556,545,843,1452,3624,2211,839,1315,2013,885,1686,640,2317,1941,1670,1141,362,633,7295,239,421,1455,926,1824,2275,2964,1251,1773,3094,145,3503,381,3401,14631,2131,3102,316,3461,1903,400,263
9/30/2006,9,2006,112,1657,629,3321,6880,2484,560,,418,8802,5589,436,827,1132,2966,1739,665,964,1571,922,1572,506,1956,1850,1271,1012,299,549,6068,207,398,1280,859,1688,1338,2982,1001,1633,2549,97,2921,403,2671,11356,1817,2511,179,2631,1589,336,252
10/31/2006,10,2006,91,1726,617,2924,5913,1960,627,,306,8563,6231,601,945,913,3110,1857,750,950,1643,926,1267,600,2225,1879,1269,1071,280,549,6700,175,514,1289,770,1760,1298,2901,931,1497,3033,188,2846,367,2813,11543,1862,2694,165,2724,2026,330,339
11/30/2006,11,2006,59,1379,686,2846,5792,1832,516,,310,7812,5269,279,620,842,2267,1400,655,850,1451,838,1077,414,1526,1215,1171,925,202,467,5086,103,268,1177,613,1304,1036,2191,800,1208,2040,144,2334,233,2771,9702,1612,2444,129,1901,1511,306,193
12/31/2006,12,2006,42,1629,515,3137,5347,1614,393,,312,6858,4700,410,504,680,1501,1269,537,759,2627,737,1209,316,1020,1109,896,754,177,374,5569,63,286,1060,609,1199,1278,1615,792,1016,1917,107,2225,175,2514,9008,1350,2033,76,1664,879,217,128
1/31/2007,1,2007,48,1702,580,3431,6464,1492,370,,397,6929,5360,466,410,800,1623,1288,451,954,1230,629,1053,298,956,730,933,960,182,292,6451,23,304,992,616,1093,1363,1714,886,1269,2143,142,2932,156,2426,9843,1412,2350,76,2158,764,223,143
2/28/2007,2,2007,62,1685,663,3873,6016,1546,253,,360,7073,5013,324,319,687,1454,1060,495,1191,1159,463,1089,262,869,603,957,1061,234,321,5696,82,203,882,707,762,1444,1367,871,1355,1498,61,2829,152,2545,10915,1411,2588,76,2346,736,292,115
3/31/2007,3,2007,63,2002,829,4583,8061,2041,387,,438,8280,6064,500,785,1263,2648,1924,871,1197,1548,671,1277,467,1444,1149,1599,1202,327,520,7062,135,322,1157,880,2032,2142,2418,1285,1611,2347,139,3198,365,3172,12726,1633,3082,192,3139,1357,321,263
4/30/2007,4,2007,150,1809,722,3752,6930,2202,506,,438,7275,5377,442,933,1030,2436,2016,741,1167,1662,789,1168,494,1597,1471,1427,995,333,650,6331,264,313,1117,841,1711,2082,2460,1076,1654,3216,139,3014,458,2852,11485,1735,2936,211,2800,1837,371,252
5/31/2007,5,2007,131,1807,756,4116,7140,2467,531,,450,7601,5259,497,950,1191,3030,2122,913,1071,1642,931,1704,570,1959,1943,1506,1160,445,746,6961,285,429,1239,903,1857,1989,3192,1193,1810,2975,137,3210,413,2963,12014,1884,3156,185,3193,1994,385,288
6/30/2007,6,2007,114,1773,662,3991,6757,2312,526,,399,7407,4944,394,970,1205,2694,2114,603,1075,1336,778,1412,591,1728,1582,1485,839,315,646,6219,251,399,1272,1041,1557,1529,2751,948,1512,3016,144,2756,360,2532,10661,1811,3057,162,3078,1757,339,270
7/31/2007,7,2007,112,1559,616,3279,5798,2201,616,,361,6404,4236,291,853,1171,2414,1860,563,810,1409,796,1653,618,1700,1517,1145,900,324,660,5665,204,448,1140,767,1763,1188,2468,1052,1685,2784,107,2759,320,2772,10439,1709,2751,181,2685,1624,380,223
8/31/2007,8,2007,107,1602,666,3051,5027,2079,490,,309,5969,4543,500,804,851,2278,1923,646,798,1455,797,1614,523,1885,1283,1222,914,296,610,5962,233,337,1374,788,1624,1150,2382,1116,1452,2839,118,2663,391,2576,10147,1717,2491,181,2491,1541,314,303
9/30/2007,9,2007,82,1134,442,1962,3801,1483,453,,310,4633,3281,306,726,743,1820,1344,559,667,1236,705,917,430,1368,1196,999,693,256,651,4783,197,330,868,454,1308,861,1877,986,1015,2281,116,2109,327,1744,7891,1050,1849,100,2029,1413,242,186
10/31/2007,10,2007,98,1194,439,1846,3902,1476,468,,247,4507,3182,326,728,687,2150,1566,560,786,1255,793,977,471,1459,1171,1090,643,318,605,4641,244,303,961,547,1656,1499,2048,966,1128,2367,101,1957,305,2115,8201,1056,2084,123,2106,1613,269,197
11/30/2007,11,2007,49,1166,415,1488,3014,1156,468,,260,3612,2613,243,602,559,1381,1294,713,651,951,632,668,222,972,781,819,599,187,304,4090,154,202,849,383,1066,803,1739,714,754,1666,101,1847,319,1479,6822,816,1702,84,1383,1029,274,169
12/31/2007,12,2007,33,931,381,1424,3396,862,270,,188,3510,2075,192,302,435,915,754,472,468,1178,714,658,195,601,494,589,458,140,206,3376,44,185,706,322,814,394,1125,615,580,1364,135,1438,131,1249,5664,459,1443,53,1077,669,167,77
1/31/2008,1,2008,37,1111,439,1514,2599,897,287,,260,4198,2551,222,263,428,806,736,335,527,1144,389,604,181,567,383,764,594,109,271,4016,16,229,794,402,796,467,1150,751,618,1379,64,1760,95,1392,6736,477,1891,53,1307,543,248,106
2/29/2008,2,2008,62,1515,1085,2151,6227,1996,260,,250,5870,3245,384,277,484,1443,1127,688,768,1311,451,1238,167,649,383,836,1127,231,240,5396,56,180,1230,711,2259,1750,1146,808,1459,1695,57,2081,144,1671,11216,698,2427,58,2538,888,275,118
3/31/2008,3,2008,49,1218,436,1842,2910,1059,349,,236,3893,2658,259,542,643,1107,989,413,690,1111,383,964,270,554,523,697,752,185,374,3925,97,204,808,499,864,536,1249,768,730,1682,55,1945,227,1613,7666,690,2045,122,1605,713,215,176
4/30/2008,4,2008,73,1247,469,2002,3401,1353,275,,265,3910,2916,254,712,712,1532,1436,527,729,1467,496,926,306,1085,903,806,661,228,515,3973,289,265,1008,503,1217,838,1907,805,897,1945,93,2465,502,1775,8473,834,1947,112,1827,1258,270,227
5/31/2008,5,2008,92,1204,629,2050,3506,1334,287,,239,3831,2786,196,738,763,1467,1294,480,641,1090,510,772,322,1085,1227,739,761,208,529,4132,239,223,788,540,1318,894,1786,743,901,1932,91,2206,410,1675,8006,995,1818,93,1788,1363,192,219
6/30/2008,6,2008,89,1045,521,2021,3917,1290,264,,260,3904,2445,280,474,893,1302,1256,405,651,967,513,905,270,1132,916,766,647,242,504,3760,149,240,766,542,1378,962,1861,748,862,1611,65,2015,343,1537,7876,781,1905,134,1741,1122,211,208
7/31/2008,7,2008,86,932,447,1772,2981,1141,321,,288,3910,1871,223,499,567,1277,1289,444,572,949,508,839,314,950,978,714,594,226,540,3807,193,256,817,413,1398,795,1584,722,817,1736,87,1781,400,1329,7624,723,1821,134,1660,1224,209,232
8/31/2008,8,2008,54,821,331,1426,2296,1305,279,,238,3232,1733,184,509,584,1025,1108,395,537,814,504,759,271,771,736,546,453,221,438,3187,157,198,751,437,1329,614,1394,671,655,1777,66,1509,199,1205,6584,604,1635,138,1370,968,238,149
9/30/2008,9,2008,66,821,414,1108,2261,1097,296,,239,2930,1922,255,573,537,1162,975,502,508,735,506,722,301,794,868,511,438,190,481,3080,194,203,740,342,1146,569,1417,636,631,1576,70,1371,319,1403,5544,553,1422,113,1433,967,179,176
10/31/2008,10,2008,37,684,336,857,2313,812,248,,170,2727,1371,76,542,351,1017,929,416,468,714,362,593,245,920,749,436,374,150,463,2408,195,186,740,337,1032,437,1384,534,470,1398,79,1099,186,970,5151,548,1789,70,1107,1036,171,187
11/30/2008,11,2008,20,516,212,602,1580,468,162,,122,1809,811,88,304,226,662,635,276,310,530,344,462,186,502,397,319,263,92,228,1633,99,86,492,199,661,244,907,381,301,908,56,878,104,526,3416,501,873,33,674,590,112,65
12/31/2008,12,2008,15,575,203,707,1692,430,136,,184,1725,828,140,155,206,389,459,177,292,674,285,470,100,272,319,248,262,62,149,1571,45,70,562,238,663,201,638,444,251,788,103,739,67,627,3579,280,1010,55,699,315,60,79
1/31/2009,1,2009,15,447,231,561,1150,392,90,,126,1694,937,108,117,134,289,306,161,221,778,233,359,104,204,159,212,382,60,103,1414,1,65,432,279,622,231,514,407,286,811,26,751,67,598,3680,240,887,38,600,178,63,53
