Date,Month,Year,Med-Price Single-Fam home,Monthly mortgage rate,Princp.&,National,Fimily Income,Qualifying Income,Composite,Fixed ,ARM
1/1/1981,1,1981,64500,13.67,598,33.9,21137,28701,73.6,73.6,73.6
2/1/1981,2,1981,64100,14.16,614,34.7,21251,29477,72.1,72.1,72.1
3/1/1981,3,1981,64400,14.38,626,35.2,21364,30047,71.1,71.1,71.1
4/1/1981,4,1981,65300,14.47,638,35.7,21478,30646,70.1,70.1,70.1
5/1/1981,5,1981,66300,14.66,656,36.5,21592,31501,68.5,68.5,68.5
6/1/1981,6,1981,67700,15,680,37.6,21706,32622,66.5,66.5,66.5
7/1/1981,7,1981,67500,15.28,695,38.2,21819,33355,65.4,65.4,65.4
8/1/1981,8,1981,68100,15.54,712,39,21933,34198,64.1,64.1,64.1
9/1/1981,9,1981,67100,15.93,719,39.1,22047,34504,63.9,63.9,63.9
10/1/1981,10,1981,66000,16,710,38.5,22161,34102,65,65,65
11/1/1981,11,1981,65900,16.38,725,39.1,22274,34806,64,64,64
12/1/1981,12,1981,66600,16.04,718,38.5,22388,34474,64.9,64.9,64.9
1/1/1982,1,1982,66400,15.92,711,38,22475,34124,65.9,65.9,65.9
2/1/1982,2,1982,66900,16,708,37.7,22562,33988,66.4,66.4,66.4
3/1/1982,3,1982,67000,15.65,706,37.4,22649,33873,66.9,66.9,66.9
4/1/1982,4,1982,67100,16,722,38.1,22736,34650,65.6,65.6,65.6
5/1/1982,5,1982,67800,16.11,734,38.6,22823,35242,64.8,64.8,64.8
6/1/1982,6,1982,69400,16,727,38.1,22910,34893,65.7,65.7,65.7
7/1/1982,7,1982,69200,15.52,723,37.7,22998,34707,66.3,66.2,66.3
8/1/1982,8,1982,68900,15.59,723,37.6,23085,34706,66.5,66.3,66.8
9/1/1982,9,1982,67300,15.27,692,35.9,23172,33236,69.7,69.4,70.1
10/1/1982,10,1982,66900,15,675,34.8,23259,32380,71.8,71.2,72.8
11/1/1982,11,1982,67700,14,654,33.6,23346,31401,74.3,74.1,74.8
12/1/1982,12,1982,67800,14,641,32.8,23433,30609,76.2,75.9,76.9
1/1/1983,1,1983,68100,14,626,31.9,23529,30035,78.3,78.3,78.4
2/1/1983,2,1983,68200,13,621,31.5,23624,29791,79.3,78.8,80.3
3/1/1983,3,1983,68900,13,612,31,23720,29371,80.8,80.2,82.1
4/1/1983,4,1983,68800,13,604,30.4,23815,28977,82.2,81.8,83.1
5/1/1983,5,1983,69200,13,605,30.3,23911,29021,82.4,81.7,84.3
6/1/1983,6,1983,71400,13,617,30.8,24006,29624,81,80.2,83.1
7/1/1983,7,1983,71800,13,619,30.8,24102,29704,81.1,80.2,84
8/1/1983,8,1983,71500,13,620,30.8,24198,29772,81.3,79.5,84.6
9/1/1983,9,1983,69900,13,612,30.2,24293,29378,82.7,80.5,85.3
10/1/1983,10,1983,69800,13,602,29.6,24389,28918,84.3,81.6,86.9
11/1/1983,11,1983,70400,13,605,29.6,24484,29020,84.4,81.3,87
12/1/1983,12,1983,69900,12,592,28.9,24580,28418,86.5,82.5,89.5
1/1/1984,1,1984,70700,12,589,28.6,24734,28260,87.5,83.2,90.6
2/1/1984,2,1984,71400,12,596,28.7,24889,28604,87,82.5,90.3
3/1/1984,3,1984,71800,12.17,598,28.7,25043,28721,87.2,83.2,89.8
4/1/1984,4,1984,72100,12.07,596,28.4,25198,28628,88,82.4,91.8
5/1/1984,5,1984,72700,12.1,603,28.5,25352,28931,87.6,82.6,90.7
6/1/1984,6,1984,73400,12.26,616,29,25507,29557,86.3,80.9,89.2
7/1/1984,7,1984,74200,12.53,635,29.7,25661,30476,84.2,78.5,87.3
8/1/1984,8,1984,73500,12.75,639,29.7,25815,30671,84.2,79.1,86.7
9/1/1984,9,1984,71900,12.91,632,29.2,25970,30348,85.6,81.2,87.8
10/1/1984,10,1984,71900,13.04,638,29.3,26124,30628,85.3,81,87.9
11/1/1984,11,1984,71900,12.89,631,28.8,26279,30305,86.7,83.3,88.7
12/1/1984,12,1984,72100,12.77,628,28.5,26433,30130,87.7,85.6,90.1
1/1/1985,1,1985,73800,12.61,635,28.7,26542,30487,87.1,84.3,89.9
2/1/1985,2,1985,74000,12.39,627,28.2,26650,30085,88.7,85.3,93
3/1/1985,3,1985,74600,12.19,623,27.9,26759,29886,89.7,85.2,94.7
4/1/1985,4,1985,74800,12.11,621,27.6,26867,29788,90.4,85.5,96
5/1/1985,5,1985,75200,12.11,624,27.7,26976,29948,90.4,85,96
6/1/1985,6,1985,76500,11.76,618,27.3,27084,29675,91.6,85.6,96.3
7/1/1985,7,1985,76700,11.47,606,26.8,27193,29099,93.4,87.7,98.7
8/1/1985,8,1985,77200,11.33,604,26.5,27301,28973,94.2,88.7,100.6
9/1/1985,9,1985,75900,11.2,587,25.7,27410,28197,97.2,91.3,104.1
10/1/1985,10,1985,75200,11.32,588,25.6,27518,28201,97.6,91.6,104.8
11/1/1985,11,1985,74900,11.26,582,25.3,27627,27957,98.8,93.1,106.7
12/1/1985,12,1985,75500,11.12,581,25.1,27735,27873,99.5,93.8,106.8
1/1/1986,1,1986,77100,10.81,579,24.9,27879,27771,99.5,96,105.8
2/1/1986,2,1986,77400,10.83,582,25,28022,27923,100.4,97.1,105.8
3/1/1986,3,1986,79800,10.62,590,25.2,28166,28306,99.5,97.4,104.6
4/1/1986,4,1986,80200,10.4,581,24.7,28309,27872,101.6,99.9,103.8
5/1/1986,5,1986,83200,10.2,592,25,28453,28392,100.2,99,103.8
6/1/1986,6,1986,82600,10.2,590,24.9,28596,28305,101,99.6,106.9
7/1/1986,7,1986,79900,10.3,573,24.1,28740,27517,104.4,102.4,110.7
8/1/1986,8,1986,82000,10.3,588,24.6,28884,28240,102.3,99.5,110.4
9/1/1986,9,1986,80300,10.1,568,23.6,29027,27243,106.6,103.2,113.9
10/1/1986,10,1986,79400,10,556,23,29171,26689,109.3,105.5,118.1
11/1/1986,11,1986,80400,9.8,557,23,29314,26729,109.7,105.7,119
12/1/1986,12,1986,80800,9.7,551,22.6,29458,26430,111.5,107.1,119.8
1/1/1987,1,1987,82900,9.5,589,23.9,29584,28294,104.6,107.5,117.6
2/1/1987,2,1987,85600,9.2,573,23.2,29710,27513,108,107.5,117.1
3/1/1987,3,1987,85200,9.09,567,22.8,29836,27222,109.6,110.2,119.9
4/1/1987,4,1987,86000,9.09,567,22.7,29962,27222,110.1,109.9,119.6
5/1/1987,5,1987,86000,9.27,576,23,30088,27659,108.8,107.8,118.7
6/1/1987,6,1987,85900,9.38,582,23.1,30214,27927,108.2,104.4,120.7
7/1/1987,7,1987,88300,9.41,583,23.1,30340,28000,108.4,99.2,116.4
8/1/1987,8,1987,86500,9.4,583,23,30466,27976,108.9,101.8,119
9/1/1987,9,1987,85500,9.25,575,22.6,30592,27610,110.8,103.9,121.9
10/1/1987,10,1987,84600,9.22,574,22.4,30718,27537,111.6,104,123.5
11/1/1987,11,1987,85000,9.25,575,22.4,30844,27610,111.7,103.4,121.9
12/1/1987,12,1987,85400,9.2,573,22.2,30970,27489,112.7,104.2,120.9
1/1/1988,1,1988,88100,9.24,575,22.2,31072,27586,112.6,101.8,119.4
2/1/1988,2,1988,88900,9.16,580,22.3,31173,27862,111.9,101.9,118.7
3/1/1988,3,1988,88900,9.14,579,22.2,31275,27812,112.4,104.2,120.7
4/1/1988,4,1988,88000,9.21,577,22.1,31377,27702,113.3,104.9,123.5
5/1/1988,5,1988,89500,9.22,588,22.4,31479,28231,111.5,103,120.7
6/1/1988,6,1988,90200,9.28,595,22.6,31580,28570,110.5,101.1,119.8
7/1/1988,7,1988,90700,9.32,601,22.7,31682,28830,109.9,99.4,119
8/1/1988,8,1988,91500,9.32,606,22.9,31784,29084,109.3,98.4,117.8
9/1/1988,9,1988,88500,9.3,585,22,31886,28081,113.5,101.3,121.9
10/1/1988,10,1988,88900,9.41,593,22.3,31987,28481,112.3,100.9,120.9
11/1/1988,11,1988,88500,9.48,594,22.2,32089,28526,112.5,103.1,119.7
12/1/1988,12,1988,88700,9.59,601,22.4,32191,28864,111.5,103.3,119.6
1/1/1989,1,1989,90300,9.61,613,22.1,33287,29424,113.1,104.1,121.4
2/1/1989,2,1989,92300,9.78,636,22.8,33454,30528,109.6,100.7,116.9
3/1/1989,3,1989,92900,9.93,648,23.1,33621,31104,108.1,100.5,114.6
4/1/1989,4,1989,93500,10.08,661,23.5,33789,31728,106.5,99.4,112.6
5/1/1989,5,1989,93900,10.46,685,24.2,33958,32880,103.3,97.6,109.2
6/1/1989,6,1989,94800,10.59,699,24.6,34128,33552,101.7,98.3,106.3
7/1/1989,7,1989,95900,10.39,695,24.3,34299,33360,102.8,100.6,107.6
8/1/1989,8,1989,96600,10.1,684,23.8,34470,32832,105,103.5,110.1
9/1/1989,9,1989,95600,10.13,679,23.5,34642,32592,106.3,104.6,111.4
10/1/1989,10,1989,94400,10.16,672,23.2,34816,32256,107.9,106.2,114.4
11/1/1989,11,1989,96300,10.12,683,23.4,34990,32784,106.7,104.7,114.3
12/1/1989,12,1989,95200,9.96,666,22.7,35165,31968,110,108.2,117.2
1/1/1990,1,1990,95400,9.98,669,22.8,35215,32112,109.7,108.4,115.9
2/1/1990,2,1990,95500,10.06,674,23,35240,32352,108.9,106.9,116.9
3/1/1990,3,1990,97700,10.07,690,23.5,35265,33120,106.5,103.6,114.6
4/1/1990,4,1990,97200,10.15,691,23.5,35290,33168,106.4,103.4,115.6
5/1/1990,5,1990,97000,10.14,689,23.4,35315,33072,106.8,103.6,115.1
6/1/1990,6,1990,101200,10.16,720,24.4,35340,34560,102.3,99,110.4
7/1/1990,7,1990,100300,10.15,713,24.2,35366,34224,103.3,100.2,111.6
8/1/1990,8,1990,96900,9.98,679,23,35391,32592,108.6,105.6,117
9/1/1990,9,1990,97300,10,683,23.1,35416,32784,108,105.1,117.7
10/1/1990,10,1990,95000,9.96,665,22.5,35441,31920,111,107.3,121.4
11/1/1990,11,1990,94300,9.97,660,22.3,35466,31680,112,108,121.9
12/1/1990,12,1990,94200,9.84,652,22,35491,31296,113.4,110.2,123
1/1/1991,1,1991,97400,9.8,672,22.7,35515,32256,110.1,108,117.3
2/1/1991,2,1991,96600,9.75,664,22.4,35592,31872,111.7,109.7,120.4
3/1/1991,3,1991,100600,9.5,677,22.8,35669,32496,109.8,108.3,117.4
4/1/1991,4,1991,102200,9.51,688,23.1,35746,33024,108.2,106.4,116.9
5/1/1991,5,1991,103400,9.51,696,23.3,35823,33408,107.2,104.7,118.8
6/1/1991,6,1991,104400,9.37,694,23.2,35900,33312,107.8,104.2,121.2
7/1/1991,7,1991,106300,9.41,709,23.6,35978,34032,105.7,102.3,119.4
8/1/1991,8,1991,103900,9.36,690,23,36056,33120,108.9,104.9,121
9/1/1991,9,1991,102900,9.17,672,22.3,36133,32256,112,108.2,126.1
10/1/1991,10,1991,102300,9.02,660,21.9,36211,31680,114.3,110.5,129.6
11/1/1991,11,1991,101200,8.69,633,20.9,36290,30384,119.4,115.4,131
12/1/1991,12,1991,103100,8.51,635,21,36368,30480,119.3,116.2,129.3
1/1/1992,1,1992,102900,8.23,617,20.3,36465,29616,123.1,119.8,140.9
2/1/1992,2,1992,103700,8.43,634,20.9,36484,30432,119.9,117.1,137.2
3/1/1992,3,1992,105100,8.42,642,21.1,36504,30816,118.5,113.5,138.3
4/1/1992,4,1992,104400,8.55,645,21.2,36524,30960,118,113.7,137.6
5/1/1992,5,1992,105100,8.48,645,21.2,36543,30960,118,113.6,136.9
6/1/1992,6,1992,107000,8.34,649,21.3,36563,31152,117.4,112.8,135.1
7/1/1992,7,1992,104900,8.05,619,20.3,36583,29712,123.1,118.5,144.3
8/1/1992,8,1992,105400,7.9,613,20.1,36603,29424,124.4,119.9,145.3
9/1/1992,9,1992,105600,7.7,602,19.7,36622,28896,126.7,122.1,145.6
10/1/1992,10,1992,105900,7.64,601,19.7,36642,28848,127,122.1,150.3
11/1/1992,11,1992,105000,7.77,603,19.7,36662,28944,126.7,121.4,149.2
12/1/1992,12,1992,105600,7.8,608,19.9,36682,29184,125.7,119.4,147.8
1/1/1993,1,1993,102900,7.75,590,19.3,36716,28320,129.6,123.6,150
2/1/1993,2,1993,102600,7.51,574,18.7,36760,27552,133.4,127,156.9
3/1/1993,3,1993,105100,7.39,582,19,36804,27936,131.7,126.7,158.7
4/1/1993,4,1993,106200,7.26,580,18.9,36848,27840,132.4,126.9,155.4
5/1/1993,5,1993,107900,7.3,592,19.3,36893,28416,129.8,125.4,149.5
6/1/1993,6,1993,111900,7.23,609,19.8,36937,29232,126.4,121,146.3
7/1/1993,7,1993,110800,7.14,598,19.4,36981,28704,128.8,124.9,148.2
8/1/1993,8,1993,110500,7.05,591,19.2,37026,28368,130.5,127.3,150.1
9/1/1993,9,1993,110500,6.93,584,18.9,37070,28032,132.2,128.7,151.7
10/1/1993,10,1993,109800,6.75,570,18.4,37114,27360,135.7,131.9,155
11/1/1993,11,1993,110000,6.77,572,18.5,37159,27456,135.3,131,156.7
12/1/1993,12,1993,110800,6.84,580,18.7,37204,27840,133.6,127.3,156.9
1/1/1994,1,1994,109900,6.89,578,18.5,37568,27744,135.4,129.6,156.8
2/1/1994,2,1994,108600,6.83,568,18,37786,27264,138.6,133.2,161.6
3/1/1994,3,1994,109800,7.01,585,18.5,38005,28080,135.3,129.8,157.1
4/1/1994,4,1994,111200,7.21,604,19,38225,28992,131.8,124.4,150.8
5/1/1994,5,1994,113200,7.52,634,19.8,38447,30432,126.3,117.1,145.9
6/1/1994,6,1994,116600,7.54,655,20.3,38670,31440,123,112.8,138.9
7/1/1994,7,1994,115700,7.68,659,20.3,38894,31632,123,113.2,139
8/1/1994,8,1994,115800,7.76,664,20.4,39120,31872,122.7,113.2,138.4
9/1/1994,9,1994,113300,7.74,649,19.8,39347,31152,126.3,115.9,141.1
10/1/1994,10,1994,112500,7.76,645,19.6,39575,30960,127.8,116.1,142.6
11/1/1994,11,1994,112500,7.72,643,19.4,39805,30864,129,114.9,143
12/1/1994,12,1994,113600,7.97,665,19.9,40036,31920,125.4,113.5,137.9
1/1/1995,1,1995,110600,7.94,646,19.3,40101,31008,129.3,114.8,141.6
2/1/1995,2,1995,109600,8.19,655,19.6,40193,31440,127.8,116.5,140
3/1/1995,3,1995,110900,8.24,666,19.8,40286,31968,126,117.7,139.2
4/1/1995,4,1995,111100,8.14,661,19.6,40378,31728,127.3,120.2,139.3
5/1/1995,5,1995,113500,8.04,669,19.8,40471,32112,126,121,135.8
6/1/1995,6,1995,119600,7.77,687,20.3,40564,32976,123,120.2,132.7
7/1/1995,7,1995,120100,7.71,686,20.2,40658,32928,123.5,121.7,130.7
8/1/1995,8,1995,120700,7.75,692,20.4,40751,33216,122.7,119.7,133.3
9/1/1995,9,1995,119400,7.75,684,20.1,40845,32832,124.4,121.9,132.8
10/1/1995,10,1995,117700,7.68,670,19.6,40939,32160,127.3,125.1,136.2
11/1/1995,11,1995,118400,7.61,669,19.6,41033,32112,127.8,125.9,137
12/1/1995,12,1995,118400,7.33,651,19,41127,31248,131.6,127.7,143.3
1/1/1996,1,1996,118500,7.31,651,18.9,41291,31248,132.1,131.5,136.8
2/1/1996,2,1996,116700,7.27,638,18.5,41472,30624,135.4,134.4,141.2
3/1/1996,3,1996,119100,7.45,663,19.1,41655,31824,130.9,129.3,138.2
4/1/1996,4,1996,120000,7.71,685,19.6,41838,32880,127.2,124.5,136.8
5/1/1996,5,1996,121900,7.88,707,20.2,42022,33936,123.8,119.9,132.4
6/1/1996,6,1996,126300,7.93,736,20.9,42207,35328,119.5,115.2,130.3
7/1/1996,7,1996,125100,8.03,736,20.8,42393,35328,120,115.3,128.6
8/1/1996,8,1996,124400,7.92,725,20.4,42580,34800,122.4,117.8,133
9/1/1996,9,1996,122900,7.94,717,20.1,42767,34416,124.3,119.6,134.6
10/1/1996,10,1996,121400,7.83,701,19.6,42955,33648,127.7,122.6,139
11/1/1996,11,1996,122300,7.7,698,19.4,43144,33504,128.8,124.7,140.2
12/1/1996,12,1996,124000,7.59,700,19.4,43334,33600,129,125.6,139.3
1/1/1997,1,1997,123400,7.71,705,19.4,43528,33840,128.6,125.1,139.1
2/1/1997,2,1997,121200,7.69,691,19,43716,33168,131.8,128.3,142.5
3/1/1997,3,1997,123700,7.76,710,19.4,43904,34080,128.8,125.6,139
4/1/1997,4,1997,124700,7.9,725,19.7,44092,34800,126.7,123,137.1
5/1/1997,5,1997,128000,7.91,745,20.2,44282,35760,123.8,120,136.3
6/1/1997,6,1997,131400,7.85,760,20.5,44472,36480,121.9,118.6,132.4
7/1/1997,7,1997,131000,7.68,746,20,44664,35808,124.7,121.8,136.8
8/1/1997,8,1997,131600,7.63,746,20,44856,35808,125.3,123,135.6
9/1/1997,9,1997,131300,7.61,742,19.8,45049,35616,126.5,124,137.2
10/1/1997,10,1997,129300,7.53,725,19.2,45242,34800,130,127.9,141.1
11/1/1997,11,1997,129500,7.48,723,19.1,45437,34704,130.9,129,141.1
12/1/1997,12,1997,131400,7.41,729,19.2,45632,34992,130.4,128.6,141
1/1/1998,1,1998,130400,7.26,712,18.6,45827,34176,134.1,133,142.1
2/1/1998,2,1998,128600,7.2,698,18.2,45991,33504,137.3,136.1,145.6
3/1/1998,3,1998,131100,7.2,712,18.5,46156,34176,135.1,133.9,143.7
4/1/1998,4,1998,132300,7.21,719,18.6,46321,34512,134.2,132.9,143.4
5/1/1998,5,1998,136500,7.22,743,19.2,46487,35664,130.3,129.1,139.3
6/1/1998,6,1998,138600,7.19,752,19.3,46653,36096,129.2,127.7,139
7/1/1998,7,1998,139100,7.14,751,19.2,46821,36048,129.9,128.7,140.4
8/1/1998,8,1998,137000,7.11,737,18.8,46988,35376,132.8,131.6,141.5
9/1/1998,9,1998,137200,7,730,18.6,47156,35040,134.6,133.3,144.9
10/1/1998,10,1998,135600,6.86,712,18.1,47325,34176,138.5,137.9,147.8
11/1/1998,11,1998,136900,6.89,721,18.2,47495,34608,137.2,136.5,146.8
12/1/1998,12,1998,136300,6.9,718,18.1,47665,34464,138.3,137,149.6
1/1/1999,1,1999,136700,6.89,720,18.1,47848,34560,138.4,137.5,147.7
2/1/1999,2,1999,134600,6.93,711,17.8,48046,34128,140.8,139.8,150.1
3/1/1999,3,1999,136300,7.02,727,18.1,48245,34896,138.3,136.9,148.7
4/1/1999,4,1999,137500,7.05,736,18.2,48446,35328,137.1,135.7,149.1
5/1/1999,5,1999,140600,7.07,754,18.6,48647,36192,134.4,133,145.2
6/1/1999,6,1999,144600,7.26,790,19.4,48849,37920,128.8,126.7,139.2
7/1/1999,7,1999,143400,7.48,801,19.6,49052,38448,127.6,124.8,137.2
8/1/1999,8,1999,143800,7.59,811,19.8,49255,38928,126.5,122.9,137.6
9/1/1999,9,1999,142600,7.68,812,19.7,49460,38976,126.9,123.4,138.5
10/1/1999,10,1999,140200,7.67,797,19.3,49665,38256,129.8,126,141.9
11/1/1999,11,1999,140900,7.66,801,19.3,49871,38448,129.7,125.8,142.1
12/1/1999,12,1999,141800,7.65,805,19.3,50078,38640,129.6,125.4,141.9
1/1/2000,1,2000,139600,7.9,812,19.8,49099,38976,126,124.1,137.3
2/1/2000,2,2000,140500,8.06,829,19.8,50362,39792,126.6,124.3,137.2
3/1/2000,3,2000,141600,8.11,840,20,50444,40320,125.1,123.1,135.3
4/1/2000,4,2000,143100,8.1,848,20.1,50526,40704,124.1,122.1,135.1
5/1/2000,5,2000,145700,8.19,871,20.7,50608,41808,121,119.1,131.1
6/1/2000,6,2000,148100,8.27,892,21.1,50691,42816,118.4,116.6,128.6
7/1/2000,7,2000,151100,8.2,904,21.4,50773,43392,117,116,127.8
8/1/2000,8,2000,149800,8.1,888,21,50856,42624,119.3,118.4,131
9/1/2000,9,2000,150300,8,882,20.8,50939,42336,120.3,119.8,132
10/1/2000,10,2000,146600,7.91,853,20.1,51022,40944,124.6,123.9,138.2
11/1/2000,11,2000,147500,7.83,852,20,51105,40896,125,124.4,139.2
12/1/2000,12,2000,148200,7.68,844,19.8,51189,40512,126.4,125.9,139.2
1/1/2001,1,2001,143900,7.34,792,18.6,51226,38016,134.7,134.6,146.2
2/1/2001,2,2001,145700,7.18,790,18.5,51259,37920,135.2,135.9,142.2
3/1/2001,3,2001,150800,7.11,812,19,51292,38976,131.6,132.3,139.5
4/1/2001,4,2001,150400,7.09,808,18.9,51325,38784,132.3,132.7,141.4
5/1/2001,5,2001,153600,7.17,832,19.4,51358,39936,128.6,128.8,138.2
6/1/2001,6,2001,160800,7.18,871,20.3,51391,41808,122.9,122.8,133
7/1/2001,7,2001,160000,7.19,868,20.3,51423,41664,123.4,123.3,132.6
8/1/2001,8,2001,160700,7.06,860,20.1,51456,41280,124.7,124.2,134.2
9/1/2001,9,2001,156500,6.93,827,19.3,51489,39696,129.7,129.2,138.8
10/1/2001,10,2001,153800,6.73,796,18.5,51522,38208,134.8,134.7,144.7
11/1/2001,11,2001,155500,6.62,796,18.5,51555,38208,134.9,134.9,144
12/1/2001,12,2001,162400,6.77,844,19.6,51588,40512,127.3,127,137.8
1/1/2002,1,2002,158000,6.89,832,19.4,51555,39936,129.1,127.4,140.8
2/1/2002,2,2002,157600,6.85,826,19.2,51577,39648,130.1,127.9,142.5
3/1/2002,3,2002,160100,6.84,838,19.5,51600,40224,128.3,125.9,140.5
4/1/2002,4,2002,160800,6.95,852,19.8,51623,40896,126.2,123.6,139.7
5/1/2002,5,2002,164200,6.82,858,19.9,51646,41184,125.4,122.4,139.4
6/1/2002,6,2002,173200,6.7,894,20.8,51669,42912,120.4,117.5,133.2
7/1/2002,7,2002,171700,6.55,873,20.3,51721,41904,123.4,120.4,137.6
8/1/2002,8,2002,169100,6.38,844,19.6,51804,40512,127.9,124.9,141.4
9/1/2002,9,2002,167600,6.29,829,19.2,51887,39792,130.4,128.5,143
10/1/2002,10,2002,168600,6.14,821,19,51970,39408,131.9,130.4,143.4
11/1/2002,11,2002,170600,6.08,825,19,52053,39600,131.4,129.9,141.6
12/1/2002,12,2002,172800,6.1,838,19.3,52136,40224,129.6,128.2,141.2
1/1/2003,1,2003,167800,5.96,801,18.4,52219,38448,135.8,133.8,147
2/1/2003,2,2003,167100,5.93,795,18.2,52303,38160,137.1,134.9,148.9
3/1/2003,3,2003,170300,5.8,799,18.3,52386,38352,136.6,134.7,148.9
4/1/2003,4,2003,172500,5.72,803,18.4,52470,38544,136.1,134.1,148.1
5/1/2003,5,2003,176300,5.62,811,18.5,52554,38928,135,133.4,145
6/1/2003,6,2003,185000,5.4,831,18.9,52638,39888,132,130.6,143.7
7/1/2003,7,2003,185800,5.39,834,19,52737,40032,131.7,130.3,143.1
8/1/2003,8,2003,185300,5.66,857,19.5,52851,41136,128.5,125.8,140.4
9/1/2003,9,2003,182400,5.94,869,19.7,52965,41712,127,124.1,138.4
10/1/2003,10,2003,181700,5.83,856,19.4,53079,41088,129.2,125.9,140.3
11/1/2003,11,2003,180200,5.85,850,19.2,53194,40800,130.4,126.8,140.3
12/1/2003,12,2003,185400,5.82,872,19.6,53309,41856,127.4,123.8,138.3
1/1/2004,1,2004,178500,5.7,829,18.6,53424,39792,134.3,130.6,145.3
2/1/2004,2,2004,180800,5.74,843,18.9,53539,40464,132.3,130,143.6
3/1/2004,3,2004,182700,5.48,828,18.5,53655,39744,135,130.1,147.9
4/1/2004,4,2004,186100,5.42,838,18.7,53770,40224,133.7,128.9,145.9
5/1/2004,5,2004,193200,5.77,904,20.1,53886,43392,124.2,119,134.4
6/1/2004,6,2004,201800,6.01,969,21.5,54003,46512,116.1,111.4,124.2
7/1/2004,7,2004,200800,5.93,956,21.2,54133,45888,118,113.8,125.4
8/1/2004,8,2004,197300,5.83,929,20.5,54278,44592,121.7,117.8,129.1
9/1/2004,9,2004,197200,5.7,916,20.2,54423,43968,123.8,120.5,130.9
10/1/2004,10,2004,196100,5.7,911,20,54569,43728,124.8,121.8,131.1
11/1/2004,11,2004,198800,5.7,923,20.2,54715,44304,123.5,120.8,128.8
12/1/2004,12,2004,200400,5.76,937,20.5,54862,44976,122,120.3,125.7
1/1/2005,1,2005,195100,5.78,914,19.9,55008,43872,125.4,123.5,129.2
2/1/2005,2,2005,196300,5.71,912,19.8,55156,43776,126,123.7,131
3/1/2005,3,2005,201500,5.81,947,20.5,55303,45456,121.7,119.5,126.9
4/1/2005,4,2005,213500,5.92,1015,22,55451,48720,113.8,111.5,118.6
5/1/2005,5,2005,215800,5.85,1018,22,55600,48864,113.8,111.7,117.8
6/1/2005,6,2005,229000,5.71,1064,22.9,55748,51072,109.2,107.5,112.6
7/1/2005,7,2005,227700,5.73,1061,22.8,55896,50928,109.8,108.6,112.9
8/1/2005,8,2005,229600,5.87,1086,23.3,56043,52128,107.5,106.2,110.6
9/1/2005,9,2005,225400,5.9,1070,22.9,56191,51360,109.4,108.3,112.9
10/1/2005,10,2005,229200,6.03,1103,23.5,56338,52944,106.4,105.2,110.2
11/1/2005,11,2005,225200,6.26,1110,23.6,56486,53280,106,104.5,109.2
12/1/2005,12,2005,221600,6.33,1101,23.3,56635,52848,107.2,105.5,111
1/1/2006,1,2006,216800,6.35,1079,22.8,56784,51792,109.6,108.6,112.5
2/1/2006,2,2006,214300,6.36,1068,22.5,56933,51264,111.1,110,113.9
3/1/2006,3,2006,217200,6.47,1095,23,57083,52560,108.6,108.2,109.9
4/1/2006,4,2006,222600,6.55,1131,23.7,57233,54288,105.4,105,106.8
5/1/2006,5,2006,228500,6.65,1174,24.6,57383,56352,101.8,101.3,103.5
6/1/2006,6,2006,230100,6.69,1187,24.8,57534,56976,101,100.3,102.8
7/1/2006,7,2006,230900,6.82,1207,25.1,57685,57936,99.6,99,101.6
8/1/2006,8,2006,224000,6.81,1169,24.3,57837,56112,103.1,102.8,104
9/1/2006,9,2006,221100,6.64,1134,23.5,57989,54432,106.5,106.1,109.2
10/1/2006,10,2006,219600,6.6,1122,23.2,58141,53856,108,107.5,110.8
11/1/2006,11,2006,216700,6.51,1097,22.6,58294,52656,110.7,110.5,112.4
12/1/2006,12,2006,220800,6.45,1111,22.8,58447,53328,109.6,109.5,110.7
1/1/2007,1,2007,209300,6.42,1050,21.5,58480,50400,116,115.9,117
2/1/2007,2,2007,212400,6.46,1070,21.9,58615,51360,114.1,114,115.6
3/1/2007,3,2007,216200,6.38,1080,22.1,58750,51840,113.3,113,115.5
4/1/2007,4,2007,219300,6.34,1091,22.2,58885,52368,112.4,112.2,114.7
5/1/2007,5,2007,221900,6.43,1114,22.6,59021,53472,110.4,110.2,112.3
6/1/2007,6,2007,229200,6.63,1175,23.8,59157,56400,104.9,104.6,107.1
7/1/2007,7,2007,228500,6.8,1192,24.1,59292,57216,103.6,103.1,107.2
8/1/2007,8,2007,223700,6.79,1165,23.5,59427,55920,106.3,105.9,108.5
9/1/2007,9,2007,208600,6.66,1072,21.6,59563,51456,115.8,115.8,116.1
10/1/2007,10,2007,204800,6.56,1042,20.9,59698,50016,119.4,119.2,121
11/1/2007,11,2007,207300,6.41,1038,20.8,59833,49824,120.1,119.7,123.2
12/1/2007,12,2007,205000,6.31,1016,20.3,59969,48768,123,122.7,126.8
1/1/2008,1,2008,197200,6.04,950,19,59858,45600,131.3,131,134.1
2/1/2008,2,2008,193600,5.94,923,18.5,59967,44304,135.4,134.8,142.3
3/1/2008,3,2008,197600,6.1,958,19.1,60076,45984,130.6,130,137.7
4/1/2008,4,2008,199600,6.03,960,19.1,60185,46080,130.6,130.1,136.3
5/1/2008,5,2008,206000,6.1,999,19.9,60294,47952,125.7,125.2,132.1
6/1/2008,6,2008,213600,6.28,1055,21,60404,50640,119.3,118.5,125.6
7/1/2008,7,2008,208900,6.48,1054,20.9,60512,50592,119.6,118.8,126.3
8/1/2008,8,2008,201900,6.53,1024,20.3,60621,49152,123.3,122.6,131.4
9/1/2008,9,2008,190300,6.22,934,18.5,60730,44832,135.5,135.2,141
10/1/2008,10,2008,181800,6.23,894,17.6,60840,42912,141.8,141.8,142.9
11/1/2008,11,2008,179900,6.26,887,17.5,60949,42576,143.2,143,148.3
12/1/2008,12,2008,174700,5.59,801,15.7,61058,38448,158.8,143,148.3
