States,Year,Median Income(2007 Dallor),Standard Error (2007 Dollar),Median Income(not adjusted),Standard Error(not adjusted)
AK,1984,"32,902","1,150","17,310",605
AK,1985,"33,690","1,397","18,333",760
AK,1986,"34,533","1,597","19,132",885
AK,1987,"34,455","2,003","19,734","1,147"
AK,1988,"33,596","1,536","19,948",912
AK,1989,"34,364","1,728","21,284","1,070"
AK,1990,"35,920","1,595","23,357","1,037"
AK,1991,"36,145","1,586","24,346","1,068"
AK,1992,"37,368","1,532","25,808","1,058"
AK,1993,"35,441","1,537","25,082","1,088"
AK,1994,"37,625","2,157","27,196","1,559"
AK,1995,"35,112","1,710","25,991","1,266"
AK,1996,"39,874","1,655","30,302","1,258"
AK,1997,"41,140","2,070","31,939","1,607"
AK,1998,"46,070","1,660","36,266","1,307"
AK,1999,"45,110","1,480","36,251","1,189"
AK,2000,"42,652","1,291","35,424","1,072"
AK,2001,"41,178","1,178","35,160","1,006"
AK,2002,"43,339","1,224","37,603","1,062"
AK,2003,"42,000","1,781","37,255","1,580"
AK,2004,"40,207","1,430","36,629","1,303"
AK,2005,"39,456","1,290","37,150","1,215"
AK,2006,"39,029","1,043","37,952","1,014"
AK,2007,"42,212","1,420","42,212","1,420"
AL,1984,"61,501","2,800","32,356","1,473"
AL,1985,"63,917","2,001","34,782","1,089"
AL,1986,"56,597","1,836","31,356","1,017"
AL,1987,"58,024","2,614","33,233","1,497"
AL,1988,"55,751","1,992","33,103","1,183"
AL,1989,"58,133","2,225","36,006","1,378"
AL,1990,"60,436","2,502","39,298","1,627"
AL,1991,"60,294","2,705","40,612","1,822"
AL,1992,"60,526","1,674","41,802","1,156"
AL,1993,"60,661","2,322","42,931","1,643"
AL,1994,"62,764","2,067","45,367","1,494"
AL,1995,"64,783","2,713","47,954","2,008"
AL,1996,"69,452","2,509","52,779","1,907"
AL,1997,"61,820","1,620","47,994","1,258"
AL,1998,"64,396","2,698","50,692","2,124"
AL,1999,"63,956","2,770","51,396","2,226"
AL,2000,"63,630","1,395","52,847","1,159"
AL,2001,"67,181","2,356","57,363","2,012"
AL,2002,"60,824","1,237","52,774","1,073"
AL,2003,"58,439","1,106","51,837",981
AL,2004,"60,442","2,273","55,063","2,071"
AL,2005,"59,361","1,414","55,891","1,331"
AL,2006,"58,019","1,537","56,418","1,495"
AL,2007,"62,993","1,583","62,993","1,583"
AR,1984,"40,724","1,158","21,425",609
AR,1985,"43,878","1,367","23,877",744
AR,1986,"46,027","1,296","25,500",718
AR,1987,"46,703","1,557","26,749",892
AR,1988,"44,521","1,420","26,435",843
AR,1989,"46,098","1,954","28,552","1,210"
AR,1990,"44,943","1,755","29,224","1,141"
AR,1991,"45,633","1,332","30,737",897
AR,1992,"42,508","1,575","29,358","1,088"
AR,1993,"43,110","1,583","30,510","1,120"
AR,1994,"43,293","1,069","31,293",773
AR,1995,"41,694","1,837","30,863","1,360"
AR,1996,"41,631","1,676","31,637","1,274"
AR,1997,"42,171","1,671","32,740","1,297"
AR,1998,"47,117","1,594","37,090","1,255"
AR,1999,"46,036","1,410","36,995","1,133"
AR,2000,"47,900","1,457","39,783","1,210"
AR,2001,"50,013","1,688","42,704","1,441"
AR,2002,"45,795","1,156","39,734","1,003"
AR,2003,"46,409","1,603","41,166","1,422"
AR,2004,"48,129","1,255","43,846","1,143"
AR,2005,"48,054","1,350","45,245","1,271"
AR,2006,"47,981","1,281","46,657","1,246"
AR,2007,"47,215","1,555","47,215","1,555"
AZ,1984,"29,792","1,422","15,674",748
AZ,1985,"32,069","1,404","17,451",764
AZ,1986,"33,807","1,381","18,730",765
AZ,1987,"32,872","1,760","18,827","1,008"
AZ,1988,"33,973","1,189","20,172",706
AZ,1989,"34,604","1,477","21,433",915
AZ,1990,"35,042","1,509","22,786",981
AZ,1991,"34,793","1,162","23,435",783
AZ,1992,"34,580","2,024","23,882","1,398"
AZ,1993,"32,554","1,197","23,039",847
AZ,1994,"35,368","1,306","25,565",944
AZ,1995,"34,873","1,350","25,814",999
AZ,1996,"35,691","1,287","27,123",978
AZ,1997,"33,699","1,486","26,162","1,154"
AZ,1998,"35,144","1,474","27,665","1,160"
AZ,1999,"36,936","1,277","29,682","1,026"
AZ,2000,"35,756",930,"29,697",772
AZ,2001,"39,045","1,340","33,339","1,144"
AZ,2002,"37,327",897,"32,387",778
AZ,2003,"36,078",875,"32,002",776
AZ,2004,"38,402","1,091","34,984",994
AZ,2005,"38,934","1,390","36,658","1,309"
AZ,2006,"38,108",789,"37,057",767
AZ,2007,"40,795","1,348","40,795","1,348"
CA,1984,"48,064",692,"25,287",364
CA,1985,"49,582",643,"26,981",350
CA,1986,"52,362","1,029","29,010",570
CA,1987,"52,635",939,"30,146",538
CA,1988,"51,009","1,068","30,287",634
CA,1989,"53,294",998,"33,009",618
CA,1990,"51,196",869,"33,290",565
CA,1991,"49,979","1,017","33,664",685
CA,1992,"50,537",911,"34,903",629
CA,1993,"48,145",920,"34,073",651
CA,1994,"48,879",856,"35,331",619
CA,1995,"49,997",977,"37,009",723
CA,1996,"51,073","1,076","38,812",818
CA,1997,"51,129","1,113","39,694",864
CA,1998,"52,000",733,"40,934",577
CA,1999,"54,291",875,"43,629",703
CA,2000,"56,368",826,"46,816",686
CA,2001,"55,351",851,"47,262",727
CA,2002,"54,673",883,"47,437",766
CA,2003,"55,579",923,"49,300",819
CA,2004,"54,031",724,"49,222",660
CA,2005,"54,968",489,"51,755",460
CA,2006,"56,888",715,"55,319",695
CA,2007,"55,734",618,"55,734",618
CO,1984,"49,041","1,530","25,801",805
CO,1985,"51,789","1,562","28,182",850
CO,1986,"49,081","1,671","27,192",926
CO,1987,"46,227","1,877","26,476","1,075"
CO,1988,"44,149","2,164","26,214","1,285"
CO,1989,"43,279","2,257","26,806","1,398"
CO,1990,"47,264","1,393","30,733",906
CO,1991,"46,765","1,848","31,499","1,245"
CO,1992,"47,035","2,130","32,484","1,471"
CO,1993,"48,731","2,217","34,488","1,569"
CO,1994,"52,341","2,000","37,833","1,446"
CO,1995,"54,991","2,097","40,706","1,552"
CO,1996,"53,886","1,749","40,950","1,329"
CO,1997,"55,687","2,504","43,233","1,944"
CO,1998,"59,196","1,380","46,599","1,086"
CO,1999,"59,951","1,845","48,177","1,483"
CO,2000,"58,083","1,489","48,240","1,237"
CO,2001,"57,851","1,394","49,397","1,190"
CO,2002,"55,661","1,687","48,294","1,464"
CO,2003,"56,300","1,305","49,940","1,158"
CO,2004,"55,857","1,745","50,886","1,590"
CO,2005,"53,581","1,367","50,449","1,287"
CO,2006,"57,277","1,567","55,697","1,524"
CO,2007,"61,141","1,014","61,141","1,014"
CT,1984,"56,929","2,353","29,951","1,238"
CT,1985,"57,133","2,075","31,090","1,129"
CT,1986,"59,061","2,897","32,721","1,605"
CT,1987,"57,377","2,378","32,862","1,362"
CT,1988,"60,989","2,178","36,213","1,293"
CT,1989,"68,328","2,570","42,321","1,592"
CT,1990,"59,777","3,225","38,870","2,097"
CT,1991,"62,584","2,886","42,154","1,944"
CT,1992,"59,135","2,855","40,841","1,972"
CT,1993,"55,836","2,346","39,516","1,660"
CT,1994,"56,856","2,207","41,097","1,595"
CT,1995,"54,366","3,065","40,243","2,269"
CT,1996,"55,425","4,062","42,119","3,087"
CT,1997,"56,656","2,562","43,985","1,989"
CT,1998,"59,081","3,465","46,508","2,728"
CT,1999,"62,957","2,857","50,593","2,296"
CT,2000,"60,409","1,634","50,172","1,357"
CT,2001,"62,478","1,452","53,347","1,240"
CT,2002,"61,530","1,579","53,387","1,370"
CT,2003,"61,965","1,760","54,965","1,561"
CT,2004,"60,483","1,809","55,100","1,648"
CT,2005,"60,364","1,734","56,835","1,633"
CT,2006,"64,174","2,223","62,404","2,162"
CT,2007,"64,141","2,049","64,141","2,049"
DC,1984,"49,075","1,952","25,819","1,027"
DC,1985,"42,229","2,510","22,980","1,366"
DC,1986,"46,254","2,188","25,626","1,212"
DC,1987,"51,060","1,528","29,244",875
DC,1988,"51,376","1,965","30,505","1,167"
DC,1989,"51,775","1,829","32,068","1,133"
DC,1990,"47,373","1,712","30,804","1,113"
DC,1991,"48,377","1,649","32,585","1,111"
DC,1992,"51,659","2,017","35,678","1,393"
DC,1993,"50,958","1,200","36,064",849
DC,1994,"49,629","1,648","35,873","1,191"
DC,1995,"47,185","2,497","34,928","1,848"
DC,1996,"51,727","1,845","39,309","1,402"
DC,1997,"55,430","2,656","43,033","2,062"
DC,1998,"52,666","2,227","41,458","1,753"
DC,1999,"58,023","2,838","46,628","2,281"
DC,2000,"60,641","1,816","50,365","1,508"
DC,2001,"58,092","1,719","49,602","1,468"
DC,2002,"57,223","1,942","49,650","1,685"
DC,2003,"55,262","1,554","49,019","1,378"
DC,2004,"52,743","1,560","48,049","1,421"
DC,2005,"54,416","1,143","51,235","1,076"
DC,2006,"53,926","1,779","52,438","1,730"
DC,2007,"54,589","2,159","54,589","2,159"
DE,1984,"38,790","1,635","20,408",860
DE,1985,"38,730","1,389","21,076",756
DE,1986,"43,901","2,260","24,322","1,252"
DE,1987,"47,936","2,244","27,455","1,285"
DE,1988,"45,037","1,260","26,741",748
DE,1989,"43,192","1,639","26,752","1,015"
DE,1990,"42,126","2,402","27,392","1,562"
DE,1991,"44,369","2,825","29,885","1,903"
DE,1992,"43,796","1,627","30,247","1,124"
DE,1993,"38,580","2,439","27,304","1,726"
DE,1994,"41,664","1,531","30,116","1,107"
DE,1995,"41,538","1,597","30,748","1,182"
DE,1996,"42,064","2,076","31,966","1,578"
DE,1997,"41,038","1,267","31,860",984
DE,1998,"42,471","1,665","33,433","1,311"
DE,1999,"48,120","1,990","38,670","1,599"
DE,2000,"49,633","1,291","41,222","1,072"
DE,2001,"48,215","1,198","41,169","1,023"
DE,2002,"45,030","1,147","39,070",995
DE,2003,"50,781","1,599","45,044","1,418"
DE,2004,"47,696","2,046","43,451","1,864"
DE,2005,"47,786","2,302","44,993","2,167"
DE,2006,"49,852","1,727","48,477","1,679"
DE,2007,"50,783","1,097","50,783","1,097"
FL,1984,"37,606",890,"19,785",468
FL,1985,"39,221",803,"21,343",437
FL,1986,"41,242",975,"22,849",540
FL,1987,"42,757",831,"24,489",476
FL,1988,"42,788",800,"25,406",475
FL,1989,"42,115",767,"26,085",475
FL,1990,"41,038",698,"26,685",454
FL,1991,"40,459",705,"27,252",475
FL,1992,"39,599",762,"27,349",526
FL,1993,"40,341",999,"28,550",707
FL,1994,"40,527",874,"29,294",632
FL,1995,"40,183",827,"29,745",612
FL,1996,"40,321",675,"30,641",513
FL,1997,"41,804",751,"32,455",583
FL,1998,"44,346",974,"34,909",767
FL,1999,"44,587",780,"35,831",627
FL,2000,"46,784",895,"38,856",743
FL,2001,"42,655",488,"36,421",417
FL,2002,"43,824",954,"38,024",828
FL,2003,"43,935",856,"38,972",759
FL,2004,"44,495",694,"40,535",632
FL,2005,"45,659",860,"42,990",810
FL,2006,"46,972",647,"45,676",629
FL,2007,"45,794",570,"45,794",570
GA,1984,"37,985","1,549","19,984",815
GA,1985,"38,681","1,448","21,049",788
GA,1986,"43,987","2,007","24,370","1,112"
GA,1987,"46,642","2,409","26,714","1,380"
GA,1988,"44,742","1,509","26,566",896
GA,1989,"44,467","1,648","27,542","1,021"
GA,1990,"42,385","1,824","27,561","1,186"
GA,1991,"40,400","1,615","27,212","1,088"
GA,1992,"41,696","1,778","28,797","1,228"
GA,1993,"44,740","1,772","31,663","1,254"
GA,1994,"43,533","1,713","31,467","1,238"
GA,1995,"46,065","1,212","34,099",897
GA,1996,"42,762","2,192","32,496","1,666"
GA,1997,"47,225","1,180","36,663",916
GA,1998,"49,118","1,498","38,665","1,179"
GA,1999,"49,060","1,686","39,425","1,355"
GA,2000,"50,450","1,001","41,901",831
GA,2001,"49,863","1,257","42,576","1,073"
GA,2002,"49,489","1,276","42,939","1,107"
GA,2003,"47,843","1,104","42,438",979
GA,2004,"44,988",678,"40,984",618
GA,2005,"48,777",890,"45,926",838
GA,2006,"50,744","1,244","49,344","1,210"
GA,2007,"48,641","1,078","48,641","1,078"
HI,1984,"54,888","2,311","28,877","1,216"
HI,1985,"53,220","2,657","28,961","1,446"
HI,1986,"52,350","2,177","29,003","1,206"
HI,1987,"61,148","1,875","35,022","1,074"
HI,1988,"55,618","2,496","33,024","1,482"
HI,1989,"56,565","2,144","35,035","1,328"
HI,1990,"59,856","2,175","38,921","1,414"
HI,1991,"55,297","2,420","37,246","1,630"
HI,1992,"60,977","2,078","42,113","1,435"
HI,1993,"60,281","2,485","42,662","1,759"
HI,1994,"58,458","3,352","42,255","2,423"
HI,1995,"57,889","1,745","42,851","1,292"
HI,1996,"54,968","2,491","41,772","1,893"
HI,1997,"52,726","1,802","40,934","1,399"
HI,1998,"51,864","3,009","40,827","2,369"
HI,1999,"55,380","2,280","44,504","1,832"
HI,2000,"62,063","1,436","51,546","1,193"
HI,2001,"55,558","1,471","47,439","1,256"
HI,2002,"54,518","1,580","47,303","1,371"
HI,2003,"58,436","1,502","51,834","1,332"
HI,2004,"61,736","1,855","56,242","1,690"
HI,2005,"63,285","1,287","59,586","1,212"
HI,2006,"62,185","1,616","60,470","1,571"
HI,2007,"64,022","2,125","64,022","2,125"
IA,1984,"40,091","1,830","21,092",963
IA,1985,"38,152","1,099","20,761",598
IA,1986,"37,452","1,227","20,749",680
IA,1987,"36,238","1,456","20,755",834
IA,1988,"39,494","1,691","23,450","1,004"
IA,1989,"39,805","1,539","24,654",953
IA,1990,"38,916","1,499","25,305",975
IA,1991,"38,773","1,528","26,116","1,029"
IA,1992,"40,113","1,265","27,704",874
IA,1993,"43,817","1,869","31,010","1,323"
IA,1994,"43,629","1,768","31,536","1,278"
IA,1995,"44,143","1,508","32,676","1,116"
IA,1996,"45,674","1,765","34,709","1,341"
IA,1997,"43,027","1,725","33,404","1,339"
IA,1998,"46,596","1,385","36,680","1,090"
IA,1999,"44,549","1,758","35,800","1,413"
IA,2000,"45,285","1,435","37,611","1,192"
IA,2001,"44,786","1,131","38,241",966
IA,2002,"43,468","1,292","37,715","1,121"
IA,2003,"47,769","1,107","42,372",982
IA,2004,"48,691","1,523","44,358","1,387"
IA,2005,"46,919","1,332","44,176","1,254"
IA,2006,"47,524","1,349","46,213","1,312"
IA,2007,"49,184","1,291","49,184","1,291"
ID,1984,"45,147","1,078","23,752",567
ID,1985,"45,703",961,"24,870",523
ID,1986,"47,852","1,144","26,511",634
ID,1987,"47,288",936,"27,084",536
ID,1988,"49,724","1,270","29,524",754
ID,1989,"50,535","1,006","31,300",623
ID,1990,"50,046","1,113","32,542",724
ID,1991,"47,336","1,060","31,884",714
ID,1992,"45,684","1,089","31,551",752
ID,1993,"46,427","1,145","32,857",810
ID,1994,"48,533","1,105","35,081",799
ID,1995,"51,431","1,182","38,071",875
ID,1996,"52,049","1,457","39,554","1,107"
ID,1997,"53,175","1,007","41,283",782
ID,1998,"54,851","1,568","43,178","1,234"
ID,1999,"57,652","1,279","46,330","1,028"
ID,2000,"55,463","1,163","46,064",966
ID,2001,"54,073","1,029","46,171",879
ID,2002,"49,225",987,"42,710",856
ID,2003,"50,904","1,209","45,153","1,072"
ID,2004,"50,578",903,"46,077",823
ID,2005,"51,403","1,047","48,398",986
ID,2006,"50,052","1,200","48,671","1,167"
ID,2007,"52,506",950,"52,506",950
IL,1984,"43,280","1,350","22,770",710
IL,1985,"41,669","1,150","22,675",626
IL,1986,"41,024","1,280","22,728",709
IL,1987,"39,318","1,648","22,519",944
IL,1988,"44,282","1,568","26,293",931
IL,1989,"41,813","1,650","25,898","1,022"
IL,1990,"41,412","1,690","26,928","1,099"
IL,1991,"40,217","1,369","27,089",922
IL,1992,"41,309","1,904","28,530","1,315"
IL,1993,"41,648","1,923","29,475","1,361"
IL,1994,"38,540","1,428","27,858","1,032"
IL,1995,"45,101","1,951","33,385","1,444"
IL,1996,"46,250","1,708","35,147","1,298"
IL,1997,"50,092","1,524","38,889","1,183"
IL,1998,"50,472","2,019","39,731","1,589"
IL,1999,"50,818","2,139","40,838","1,719"
IL,2000,"49,203",818,"40,865",679
IL,2001,"47,290","1,110","40,379",948
IL,2002,"47,308",862,"41,047",748
IL,2003,"47,828","1,081","42,425",959
IL,2004,"46,464","1,263","42,329","1,151"
IL,2005,"45,072","1,168","42,437","1,100"
IL,2006,"46,695","1,271","45,407","1,236"
IL,2007,"47,453","1,255","47,453","1,255"
IN,1984,"37,755","1,416","19,863",745
IN,1985,"38,457","1,110","20,927",604
IN,1986,"40,538","1,354","22,459",750
IN,1987,"38,743","1,592","22,190",912
IN,1988,"40,934","1,816","24,305","1,078"
IN,1989,"42,406","1,279","26,265",792
IN,1990,"41,966","1,516","27,288",986
IN,1991,"42,391","1,502","28,553","1,012"
IN,1992,"41,618","1,407","28,743",972
IN,1993,"40,501","1,752","28,663","1,240"
IN,1994,"45,764","1,771","33,079","1,280"
IN,1995,"47,984","1,273","35,519",942
IN,1996,"43,700","2,009","33,209","1,527"
IN,1997,"43,515","1,651","33,783","1,282"
IN,1998,"47,027","1,527","37,019","1,202"
IN,1999,"51,142","1,406","41,098","1,130"
IN,2000,"49,355",976,"40,991",811
IN,2001,"47,989","1,327","40,976","1,133"
IN,2002,"47,310","1,328","41,049","1,152"
IN,2003,"46,655",997,"41,384",884
IN,2004,"47,630","1,670","43,391","1,521"
IN,2005,"49,387","1,422","46,500","1,339"
IN,2006,"49,491","1,533","48,126","1,491"
IN,2007,"48,908","1,451","48,908","1,451"
KS,1984,"46,814","1,733","24,629",912
KS,1985,"41,877","1,898","22,788","1,033"
KS,1986,"43,186","1,411","23,926",782
KS,1987,"44,668","1,571","25,583",900
KS,1988,"43,058","1,942","25,566","1,153"
KS,1989,"43,369","1,466","26,862",908
KS,1990,"46,009","1,813","29,917","1,179"
KS,1991,"43,493","1,387","29,295",934
KS,1992,"43,939","1,646","30,346","1,137"
KS,1993,"42,065","1,616","29,770","1,144"
KS,1994,"39,182","1,472","28,322","1,064"
KS,1995,"40,989","1,244","30,341",921
KS,1996,"42,879","1,921","32,585","1,460"
KS,1997,"46,977","2,079","36,471","1,614"
KS,1998,"46,635","2,054","36,711","1,617"
KS,1999,"46,475","2,586","37,348","2,078"
KS,2000,"49,436","1,406","41,059","1,168"
KS,2001,"48,503","1,306","41,415","1,115"
KS,2002,"49,120","1,207","42,619","1,047"
KS,2003,"49,865","1,495","44,232","1,326"
KS,2004,"45,078","1,920","41,066","1,749"
KS,2005,"44,636","1,046","42,027",985
KS,2006,"46,844","1,288","45,552","1,252"
KS,2007,"48,497","1,805","48,497","1,805"
KY,1984,"33,605","2,051","17,680","1,079"
KY,1985,"31,904","1,375","17,361",748
KY,1986,"35,872","1,816","19,874","1,006"
KY,1987,"36,095","1,639","20,673",939
KY,1988,"33,527","1,349","19,907",801
KY,1989,"37,591","1,947","23,283","1,206"
KY,1990,"38,109","1,865","24,780","1,213"
KY,1991,"35,281","1,553","23,764","1,046"
KY,1992,"34,005","1,823","23,485","1,259"
KY,1993,"34,443","1,542","24,376","1,091"
KY,1994,"36,793","1,422","26,595","1,028"
KY,1995,"40,271","1,552","29,810","1,149"
KY,1996,"42,652","1,894","32,413","1,439"
KY,1997,"43,089","2,137","33,452","1,659"
KY,1998,"46,052","1,919","36,252","1,511"
KY,1999,"41,983","1,847","33,738","1,484"
KY,2000,"43,664","1,021","36,265",848
KY,2001,"45,016","1,182","38,437","1,009"
KY,2002,"42,370","1,007","36,762",874
KY,2003,"41,640",966,"36,936",857
KY,2004,"39,089","1,337","35,610","1,218"
KY,2005,"38,977",954,"36,699",898
KY,2006,"40,605","1,081","39,485","1,051"
KY,2007,"39,452","1,211","39,452","1,211"
LA,1984,"36,017","1,673","18,949",880
LA,1985,"38,920","1,338","21,179",728
LA,1986,"37,706","1,726","20,890",956
LA,1987,"37,275","1,498","21,349",858
LA,1988,"34,521","2,482","20,497","1,474"
LA,1989,"36,910","2,998","22,861","1,857"
LA,1990,"34,456","2,430","22,405","1,580"
LA,1991,"37,560","1,716","25,299","1,156"
LA,1992,"36,834","1,654","25,439","1,142"
LA,1993,"37,179","1,645","26,312","1,164"
LA,1994,"35,522","2,077","25,676","1,501"
LA,1995,"37,757","1,473","27,949","1,090"
LA,1996,"39,822","1,698","30,262","1,290"
LA,1997,"42,841","1,998","33,260","1,551"
LA,1998,"40,314","2,109","31,735","1,660"
LA,1999,"40,634","1,548","32,654","1,244"
LA,2000,"36,985",997,"30,718",828
LA,2001,"39,025","1,400","33,322","1,195"
LA,2002,"39,195","1,450","34,008","1,258"
LA,2003,"37,774","1,243","33,507","1,103"
LA,2004,"39,988","1,364","36,429","1,243"
LA,2005,"39,548","1,378","37,236","1,297"
LA,2006,"37,523","1,465","36,488","1,425"
LA,2007,"41,313",937,"41,313",937
MA,1984,"39,247","1,680","20,648",884
MA,1985,"37,707","1,476","20,519",803
MA,1986,"42,280","1,751","23,424",970
MA,1987,"41,205","1,779","23,600","1,019"
MA,1988,"44,466","1,586","26,402",942
MA,1989,"45,564","2,243","28,221","1,389"
MA,1990,"42,236","2,418","27,464","1,572"
MA,1991,"41,374","1,860","27,868","1,253"
MA,1992,"42,883","1,486","29,617","1,026"
MA,1993,"38,770","1,700","27,438","1,203"
MA,1994,"41,941","2,126","30,316","1,537"
MA,1995,"45,740","1,470","33,858","1,088"
MA,1996,"45,657","1,594","34,696","1,211"
MA,1997,"42,213","1,676","32,772","1,301"
MA,1998,"45,275","1,333","35,640","1,049"
MA,1999,"48,359","1,641","38,862","1,319"
MA,2000,"44,870","1,027","37,266",853
MA,2001,"42,878","1,115","36,612",952
MA,2002,"42,474",975,"36,853",846
MA,2003,"41,840","1,065","37,113",945
MA,2004,"45,367","1,342","41,329","1,223"
MA,2005,"46,650","1,522","43,923","1,433"
MA,2006,"46,937","1,848","45,642","1,797"
MA,2007,"47,894","1,398","47,894","1,398"
MD,1984,"56,467","2,188","29,708","1,151"
MD,1985,"55,380","1,775","30,136",966
MD,1986,"55,240","1,870","30,604","1,036"
MD,1987,"61,057","2,423","34,970","1,388"
MD,1988,"61,560","2,014","36,552","1,196"
MD,1989,"58,149","1,916","36,016","1,187"
MD,1990,"59,757","2,454","38,857","1,596"
MD,1991,"54,860","2,104","36,952","1,417"
MD,1992,"53,867","2,354","37,203","1,626"
MD,1993,"56,434","1,811","39,939","1,282"
MD,1994,"54,229","1,937","39,198","1,400"
MD,1995,"55,444","2,198","41,041","1,627"
MD,1996,"57,891","3,375","43,993","2,565"
MD,1997,"60,134","1,901","46,685","1,476"
MD,1998,"63,537","2,745","50,016","2,161"
MD,1999,"64,963","2,759","52,205","2,217"
MD,2000,"65,662","1,686","54,535","1,400"
MD,2001,"62,692","1,935","53,530","1,652"
MD,2002,"65,011","1,766","56,407","1,532"
MD,2003,"58,977","1,379","52,314","1,223"
MD,2004,"62,682","1,857","57,103","1,692"
MD,2005,"64,269","1,569","60,512","1,477"
MD,2006,"65,474","1,646","63,668","1,601"
MD,2007,"65,630","1,661","65,630","1,661"
ME,1984,"51,242","1,317","26,959",693
ME,1985,"51,835","1,489","28,207",810
ME,1986,"54,761","1,327","30,339",735
ME,1987,"56,292","1,250","32,241",716
ME,1988,"55,937","1,413","33,213",839
ME,1989,"58,262","1,137","36,086",704
ME,1990,"55,743","1,273","36,247",828
ME,1991,"53,022","1,173","35,714",790
ME,1992,"52,645","1,069","36,359",738
ME,1993,"52,371","1,341","37,064",949
ME,1994,"56,030","1,466","40,500","1,060"
ME,1995,"52,111","1,993","38,574","1,475"
ME,1996,"51,970","2,542","39,494","1,932"
ME,1997,"54,129","1,781","42,023","1,383"
ME,1998,"53,792","2,491","42,345","1,961"
ME,1999,"54,759","2,517","44,005","2,023"
ME,2000,"56,292","1,634","46,753","1,357"
ME,2001,"61,196","1,778","52,253","1,518"
ME,2002,"57,460","1,329","49,855","1,153"
ME,2003,"57,445","1,074","50,955",953
ME,2004,"57,101","1,830","52,019","1,667"
ME,2005,"59,495","1,863","56,017","1,754"
ME,2006,"56,900","2,138","55,330","2,079"
ME,2007,"58,463","2,231","58,463","2,231"
MI,1984,"43,651","1,207","22,965",635
MI,1985,"44,549","1,540","24,242",838
MI,1986,"48,021","1,170","26,605",648
MI,1987,"48,367","1,264","27,702",724
MI,1988,"49,636","1,022","29,472",607
MI,1989,"49,687","1,275","30,775",790
MI,1990,"46,039","1,020","29,937",663
MI,1991,"47,682","1,023","32,117",689
MI,1992,"46,720","1,102","32,267",761
MI,1993,"46,151",964,"32,662",682
MI,1994,"48,814",948,"35,284",685
MI,1995,"49,209","1,343","36,426",994
MI,1996,"51,616","1,504","39,225","1,143"
MI,1997,"49,902","1,427","38,742","1,108"
MI,1998,"53,127","1,165","41,821",917
MI,1999,"57,352","1,277","46,089","1,026"
MI,2000,"54,798","1,318","45,512","1,095"
MI,2001,"52,757","1,017","45,047",868
MI,2002,"49,231","1,285","42,715","1,115"
MI,2003,"50,756","1,071","45,022",950
MI,2004,"46,384",942,"42,256",858
MI,2005,"48,785",972,"45,933",915
MI,2006,"50,027",993,"48,647",966
MI,2007,"49,370",798,"49,370",798
MN,1984,"46,447","1,737","24,436",914
MN,1985,"43,839","1,878","23,856","1,022"
MN,1986,"47,729","2,076","26,443","1,150"
MN,1987,"49,031","1,943","28,082","1,113"
MN,1988,"48,988","1,753","29,087","1,041"
MN,1989,"48,735","2,063","30,185","1,278"
MN,1990,"48,389","1,581","31,465","1,028"
MN,1991,"43,766","1,701","29,479","1,146"
MN,1992,"44,858","1,878","30,981","1,297"
MN,1993,"47,592","1,713","33,682","1,212"
MN,1994,"46,545","1,882","33,644","1,360"
MN,1995,"51,245","2,497","37,933","1,848"
MN,1996,"53,940","1,612","40,991","1,225"
MN,1997,"54,825","1,945","42,564","1,510"
MN,1998,"60,882","2,687","47,926","2,115"
MN,1999,"58,533","1,900","47,038","1,527"
MN,2000,"65,320","2,050","54,251","1,703"
MN,2001,"61,698","1,328","52,681","1,134"
MN,2002,"62,954","1,378","54,622","1,196"
MN,2003,"59,551","1,384","52,823","1,228"
MN,2004,"61,585","1,175","56,104","1,070"
MN,2005,"57,581","1,321","54,215","1,244"
MN,2006,"57,806","1,253","56,211","1,218"
MN,2007,"58,058","1,888","58,058","1,888"
MO,1984,"29,329","1,391","15,430",732
MO,1985,"30,161","1,138","16,413",619
MO,1986,"29,806","1,153","16,513",639
MO,1987,"32,323","1,573","18,513",901
MO,1988,"30,595","1,496","18,166",888
MO,1989,"32,157","1,529","19,917",947
MO,1990,"31,031","1,233","20,178",802
MO,1991,"28,913","1,563","19,475","1,053"
MO,1992,"29,784","1,555","20,570","1,074"
MO,1993,"31,356","1,737","22,191","1,229"
MO,1994,"35,140","1,040","25,400",752
MO,1995,"35,851","1,389","26,538","1,028"
MO,1996,"35,104","1,732","26,677","1,316"
MO,1997,"36,709","1,785","28,499","1,386"
MO,1998,"36,992","1,471","29,120","1,158"
MO,1999,"40,415","1,752","32,478","1,408"
MO,2000,"41,297","1,630","34,299","1,354"
MO,2001,"35,323","1,389","30,161","1,186"
MO,2002,"35,593",883,"30,882",766
MO,2003,"36,896","1,255","32,728","1,113"
MO,2004,"38,150","1,243","34,755","1,132"
MO,2005,"34,916","1,372","32,875","1,292"
MO,2006,"35,718","1,628","34,733","1,583"
MO,2007,"37,279",951,"37,279",951
MS,1984,"39,488","1,359","20,775",715
MS,1985,"40,316","1,117","21,939",608
MS,1986,"39,574","1,393","21,925",772
MS,1987,"41,415","2,038","23,720","1,167"
MS,1988,"39,482","1,832","23,443","1,088"
MS,1989,"42,780","1,204","26,497",746
MS,1990,"42,033","2,144","27,332","1,394"
MS,1991,"41,460","2,101","27,926","1,415"
MS,1992,"39,617","2,101","27,361","1,451"
MS,1993,"40,527","2,071","28,682","1,466"
MS,1994,"41,767","1,995","30,190","1,442"
MS,1995,"47,046","1,855","34,825","1,373"
MS,1996,"45,089","1,991","34,265","1,513"
MS,1997,"47,083","2,653","36,553","2,060"
MS,1998,"51,069","2,373","40,201","1,868"
MS,1999,"51,496","1,482","41,383","1,191"
MS,2000,"54,298","1,429","45,097","1,187"
MS,2001,"48,414","1,410","41,339","1,204"
MS,2002,"49,301","1,238","42,776","1,074"
MS,2003,"49,336",986,"43,762",875
MS,2004,"46,253","1,178","42,137","1,073"
MS,2005,"45,655","1,050","42,986",989
MS,2006,"45,844","1,442","44,579","1,402"
MS,2007,"46,005","1,104","46,005","1,104"
MT,1984,"37,133","1,369","19,536",720
MT,1985,"37,187","1,470","20,236",800
MT,1986,"36,692","1,352","20,328",749
MT,1987,"35,747","1,395","20,474",799
MT,1988,"37,441","1,396","22,231",829
MT,1989,"38,251","2,117","23,692","1,311"
MT,1990,"35,948","1,512","23,375",983
MT,1991,"36,859","1,321","24,827",890
MT,1992,"38,406","1,054","26,525",728
MT,1993,"37,402","1,364","26,470",965
MT,1994,"38,226","1,724","27,631","1,246"
MT,1995,"37,498","1,493","27,757","1,105"
MT,1996,"37,745","2,061","28,684","1,566"
MT,1997,"37,627","1,475","29,212","1,145"
MT,1998,"40,113","1,439","31,577","1,133"
MT,1999,"38,623","1,202","31,038",966
MT,2000,"39,465","1,205","32,777","1,001"
MT,2001,"37,624",863,"32,126",737
MT,2002,"40,149","1,397","34,835","1,212"
MT,2003,"38,452","1,203","34,108","1,067"
MT,2004,"37,273",778,"33,956",709
MT,2005,"39,630","1,233","37,313","1,161"
MT,2006,"42,271",717,"41,105",697
MT,2007,"43,655","1,699","43,655","1,699"
NC,1984,"40,670","1,454","21,397",765
NC,1985,"40,059","1,680","21,799",914
NC,1986,"39,298","1,469","21,772",814
NC,1987,"40,626","1,329","23,268",761
NC,1988,"42,372","1,617","25,159",960
NC,1989,"42,493","2,456","26,319","1,521"
NC,1990,"42,264","1,735","27,482","1,128"
NC,1991,"43,870","1,495","29,549","1,007"
NC,1992,"43,507","1,551","30,048","1,071"
NC,1993,"43,814","1,177","31,008",833
NC,1994,"43,986","1,544","31,794","1,116"
NC,1995,"44,485","1,560","32,929","1,155"
NC,1996,"44,759","1,974","34,014","1,500"
NC,1997,"44,686","1,968","34,692","1,528"
NC,1998,"46,257","1,968","36,413","1,549"
NC,1999,"48,065","1,700","38,626","1,366"
NC,2000,"50,268","1,226","41,750","1,018"
NC,2001,"51,075","1,307","43,611","1,116"
NC,2002,"49,324","1,196","42,796","1,038"
NC,2003,"49,575","1,472","43,974","1,306"
NC,2004,"48,064","1,462","43,786","1,332"
NC,2005,"50,898","1,537","47,923","1,447"
NC,2006,"49,511","1,532","48,145","1,490"
NC,2007,"49,174","1,379","49,174","1,379"
ND,1984,"48,994","1,935","25,776","1,018"
ND,1985,"42,770","1,847","23,274","1,005"
ND,1986,"47,321","1,615","26,217",895
ND,1987,"46,929","1,969","26,878","1,128"
ND,1988,"47,128","1,610","27,983",956
ND,1989,"47,370","1,531","29,340",948
ND,1990,"49,247","1,813","32,023","1,179"
ND,1991,"48,900","2,322","32,937","1,564"
ND,1992,"46,201","1,153","31,908",796
ND,1993,"50,605","1,523","35,814","1,078"
ND,1994,"49,626","2,122","35,871","1,534"
ND,1995,"48,747","1,775","36,084","1,314"
ND,1996,"50,715","2,125","38,540","1,615"
ND,1997,"50,047","2,030","38,854","1,576"
ND,1998,"50,504","1,556","39,756","1,225"
ND,1999,"51,593","2,195","41,461","1,764"
ND,2000,"55,094","1,217","45,758","1,011"
ND,2001,"53,174","1,323","45,403","1,130"
ND,2002,"51,816","1,338","44,958","1,161"
ND,2003,"50,939","1,752","45,184","1,554"
ND,2004,"51,815","1,517","47,204","1,382"
ND,2005,"51,202","1,784","48,209","1,680"
ND,2006,"53,765","1,288","52,282","1,252"
ND,2007,"54,058","1,294","54,058","1,294"
NE,1984,"49,256","1,397","25,914",735
NE,1985,"48,520","1,974","26,403","1,074"
NE,1986,"55,139","1,496","30,548",829
NE,1987,"56,462","2,532","32,338","1,450"
NE,1988,"58,315","1,901","34,625","1,129"
NE,1989,"60,596","2,214","37,532","1,371"
NE,1990,"62,753","2,019","40,805","1,313"
NE,1991,"53,495","1,988","36,032","1,339"
NE,1992,"57,101","2,783","39,436","1,922"
NE,1993,"53,643","2,289","37,964","1,620"
NE,1994,"48,760","2,541","35,245","1,837"
NE,1995,"52,917","2,102","39,171","1,556"
NE,1996,"51,856","2,282","39,407","1,734"
NE,1997,"52,808","2,066","40,998","1,604"
NE,1998,"57,112","2,370","44,958","1,866"
NE,1999,"57,310","2,429","46,055","1,952"
NE,2000,"61,317","1,497","50,926","1,243"
NE,2001,"60,116",842,"51,331",719
NE,2002,"63,759","1,486","55,321","1,289"
NE,2003,"62,644","1,470","55,567","1,304"
NE,2004,"62,365","1,453","56,815","1,324"
NE,2005,"60,522","2,152","56,984","2,026"
NE,2006,"63,728","1,521","61,970","1,479"
NE,2007,"67,576","1,846","67,576","1,846"
NH,1984,"52,795","1,521","27,776",800
NH,1985,"56,931","1,182","30,980",643
NH,1986,"57,245","1,520","31,715",842
NH,1987,"59,784","1,386","34,241",794
NH,1988,"61,114","1,108","36,287",658
NH,1989,"63,160","1,531","39,120",948
NH,1990,"59,568","1,329","38,734",864
NH,1991,"59,458","1,534","40,049","1,033"
NH,1992,"56,469","1,218","39,000",841
NH,1993,"57,226","1,393","40,500",986
NH,1994,"58,493","1,472","42,280","1,064"
NH,1995,"59,338","1,891","43,924","1,400"
NH,1996,"62,463","1,601","47,468","1,217"
NH,1997,"61,854","1,834","48,021","1,424"
NH,1998,"63,296","1,824","49,826","1,436"
NH,1999,"61,888","1,748","49,734","1,405"
NH,2000,"60,689","1,193","50,405",991
NH,2001,"60,632","1,093","51,771",933
NH,2002,"62,892","1,850","54,568","1,605"
NH,2003,"63,183","1,153","56,045","1,023"
NH,2004,"60,675","1,408","55,275","1,283"
NH,2005,"67,302","2,397","63,368","2,257"
NH,2006,"69,990","2,035","68,059","1,979"
NH,2007,"60,508","1,458","60,508","1,458"
NJ,1984,"39,212","1,956","20,630","1,029"
NJ,1985,"37,530","1,884","20,423","1,025"
NJ,1986,"35,820","1,251","19,845",693
NJ,1987,"36,243","1,084","20,758",621
NJ,1988,"32,498","1,403","19,296",833
NJ,1989,"36,492","1,661","22,602","1,029"
NJ,1990,"38,507","1,612","25,039","1,048"
NJ,1991,"39,402","1,774","26,540","1,195"
NJ,1992,"37,444","1,950","25,860","1,347"
NJ,1993,"37,809","1,205","26,758",853
NJ,1994,"37,222","1,912","26,905","1,382"
NJ,1995,"35,112","1,486","25,991","1,100"
NJ,1996,"33,011","1,436","25,086","1,091"
NJ,1997,"38,753","1,490","30,086","1,157"
NJ,1998,"40,070","1,776","31,543","1,398"
NJ,1999,"40,534","2,173","32,574","1,746"
NJ,2000,"42,253","1,503","35,093","1,248"
NJ,2001,"38,793","1,450","33,124","1,238"
NJ,2002,"40,865","1,223","35,457","1,061"
NJ,2003,"39,576","1,287","35,105","1,142"
NJ,2004,"43,427","1,739","39,562","1,584"
NJ,2005,"41,365","1,806","38,947","1,700"
NJ,2006,"41,164","1,293","40,028","1,257"
NJ,2007,"44,356","1,474","44,356","1,474"
NM,1984,"41,868",793,"22,027",417
NM,1985,"43,440",961,"23,639",523
NM,1986,"45,170",856,"25,025",474
NM,1987,"46,066",796,"26,384",456
NM,1988,"48,698","1,125","28,915",668
NM,1989,"50,851",731,"31,496",453
NM,1990,"48,583",786,"31,591",511
NM,1991,"47,203",799,"31,794",538
NM,1992,"44,960",766,"31,051",529
NM,1993,"44,788",786,"31,697",556
NM,1994,"44,131",660,"31,899",477
NM,1995,"44,619",967,"33,028",716
NM,1996,"46,596",982,"35,410",746
NM,1997,"46,110",817,"35,798",634
NM,1998,"47,503",987,"37,394",777
NM,1999,"49,762","1,094","39,989",879
NM,2000,"49,057",700,"40,744",581
NM,2001,"49,322",703,"42,114",600
NM,2002,"48,367",668,"41,966",580
NM,2003,"48,237",983,"42,788",872
NM,2004,"49,011",869,"44,649",792
NM,2005,"50,105",878,"47,176",827
NM,2006,"49,590","1,017","48,222",989
NM,2007,"48,944",918,"48,944",918
NV,1984,"39,097","1,218","20,569",641
NV,1985,"39,420","1,075","21,451",585
NV,1986,"39,459","1,260","21,861",698
NV,1987,"39,739",946,"22,760",542
NV,1988,"41,119",903,"24,415",536
NV,1989,"42,633",835,"26,406",517
NV,1990,"40,491",855,"26,329",556
NV,1991,"39,867",757,"26,853",510
NV,1992,"40,211",892,"27,771",616
NV,1993,"40,722",923,"28,820",653
NV,1994,"41,662",927,"30,114",670
NV,1995,"43,201","1,200","31,979",888
NV,1996,"46,847","1,326","35,601","1,008"
NV,1997,"46,164","1,181","35,840",917
NV,1998,"45,526","1,298","35,838","1,022"
NV,1999,"46,358","1,195","37,254",960
NV,2000,"46,135",970,"38,317",806
NV,2001,"44,694","1,114","38,162",951
NV,2002,"42,085",825,"36,515",716
NV,2003,"42,027","1,061","37,279",941
NV,2004,"44,169",891,"40,238",812
NV,2005,"44,667","1,024","42,056",964
NV,2006,"40,926",838,"39,797",815
NV,2007,"43,513","1,072","43,513","1,072"
NY,1984,"39,480","1,973","20,771","1,038"
NY,1985,"38,968","1,487","21,205",809
NY,1986,"38,821","1,417","21,508",785
NY,1987,"39,417","1,580","22,576",905
NY,1988,"40,575","1,699","24,092","1,009"
NY,1989,"40,733","1,458","25,229",903
NY,1990,"38,853","1,542","25,264","1,003"
NY,1991,"38,440","1,384","25,892",932
NY,1992,"39,035","1,305","26,959",901
NY,1993,"39,731","1,180","28,118",835
NY,1994,"39,122","1,543","28,278","1,115"
NY,1995,"39,297","1,644","29,089","1,217"
NY,1996,"41,411","1,558","31,470","1,184"
NY,1997,"40,782","1,753","31,661","1,361"
NY,1998,"38,496","1,498","30,304","1,179"
NY,1999,"40,645","1,721","32,663","1,383"
NY,2000,"43,340","1,282","35,996","1,065"
NY,2001,"41,919",942,"35,793",804
NY,2002,"41,722",950,"36,200",824
NY,2003,"45,557",961,"40,410",852
NY,2004,"43,052","1,373","39,220","1,251"
NY,2005,"44,812","1,297","42,192","1,221"
NY,2006,"42,211","1,445","41,047","1,405"
NY,2007,"47,205","1,280","47,205","1,280"
OH,1984,"43,951",935,"23,123",492
OH,1985,"46,261","1,036","25,174",564
OH,1986,"45,332","1,061","25,115",588
OH,1987,"44,999",969,"25,773",555
OH,1988,"46,719","1,071","27,740",636
OH,1989,"46,855","1,058","29,021",655
OH,1990,"46,156","1,107","30,013",720
OH,1991,"44,227","1,127","29,790",759
OH,1992,"45,471",850,"31,404",587
OH,1993,"44,205",930,"31,285",658
OH,1994,"44,070",808,"31,855",584
OH,1995,"47,203","1,335","34,941",988
OH,1996,"44,833","1,399","34,070","1,063"
OH,1997,"46,543","1,152","36,134",894
OH,1998,"49,448","2,002","38,925","1,576"
OH,1999,"49,139","1,231","39,489",989
OH,2000,"51,728",881,"42,962",732
OH,2001,"48,937",774,"41,785",661
OH,2002,"49,195",896,"42,684",777
OH,2003,"49,063","1,048","43,520",930
OH,2004,"47,261","1,072","43,055",977
OH,2005,"46,947","1,111","44,203","1,046"
OH,2006,"47,202",651,"45,900",633
OH,2007,"49,099","1,085","49,099","1,085"
OK,1984,"40,197","1,365","21,148",718
OK,1985,"38,968","1,404","21,205",764
OK,1986,"37,811","1,572","20,948",871
OK,1987,"37,872","1,543","21,691",884
OK,1988,"39,860","1,273","23,667",756
OK,1989,"38,211","1,996","23,667","1,236"
OK,1990,"37,500","1,606","24,384","1,044"
OK,1991,"37,802","1,602","25,462","1,079"
OK,1992,"36,610","1,557","25,284","1,075"
OK,1993,"37,105","2,108","26,260","1,492"
OK,1994,"37,341","1,678","26,991","1,213"
OK,1995,"35,544","1,189","26,311",880
OK,1996,"36,104","1,433","27,437","1,089"
OK,1997,"40,382","1,320","31,351","1,025"
OK,1998,"42,845","1,565","33,727","1,232"
OK,1999,"40,670","1,855","32,683","1,491"
OK,2000,"39,049",854,"32,432",709
OK,2001,"41,704",808,"35,609",690
OK,2002,"42,019",707,"36,458",613
OK,2003,"40,474",880,"35,902",781
OK,2004,"43,484","1,232","39,614","1,122"
OK,2005,"39,982","1,539","37,645","1,449"
OK,2006,"39,940","1,642","38,838","1,597"
OK,2007,"43,216","1,453","43,216","1,453"
OR,1984,"40,674","1,416","21,399",745
OR,1985,"40,234","1,915","21,894","1,042"
OR,1986,"44,715","1,809","24,773","1,002"
OR,1987,"43,716","1,907","25,038","1,092"
OR,1988,"46,733","1,937","27,748","1,150"
OR,1989,"46,061","2,317","28,529","1,435"
OR,1990,"45,031","1,486","29,281",966
OR,1991,"44,821","1,614","30,190","1,087"
OR,1992,"46,228","2,952","31,927","2,039"
OR,1993,"46,824","1,639","33,138","1,160"
OR,1994,"43,518","1,561","31,456","1,128"
OR,1995,"49,139","1,310","36,374",970
OR,1996,"46,704","1,676","35,492","1,274"
OR,1997,"47,977","2,303","37,247","1,788"
OR,1998,"49,628","2,448","39,067","1,927"
OR,1999,"50,546","1,558","40,619","1,252"
OR,2000,"51,170","1,127","42,499",936
OR,2001,"48,337",881,"41,273",752
OR,2002,"48,178",985,"41,802",855
OR,2003,"46,941","1,088","41,638",965
OR,2004,"44,999","1,154","40,994","1,051"
OR,2005,"46,901","1,477","44,159","1,391"
OR,2006,"48,427","1,436","47,091","1,396"
OR,2007,"50,236","1,357","50,236","1,357"
PA,1984,"38,673",948,"20,346",499
PA,1985,"42,040",989,"22,877",538
PA,1986,"42,971",893,"23,807",495
PA,1987,"44,390",945,"25,424",541
PA,1988,"45,038",837,"26,742",497
PA,1989,"46,321","1,104","28,690",684
PA,1990,"44,606","1,058","29,005",688
PA,1991,"45,084",912,"30,367",614
PA,1992,"43,267",966,"29,882",667
PA,1993,"43,796",981,"30,995",694
PA,1994,"44,362",905,"32,066",654
PA,1995,"46,640",923,"34,524",683
PA,1996,"45,924","1,282","34,899",974
PA,1997,"48,325","1,242","37,517",964
PA,1998,"49,562","1,372","39,015","1,080"
PA,1999,"46,985","1,420","37,758","1,141"
PA,2000,"50,781",848,"42,176",704
PA,2001,"50,944",847,"43,499",723
PA,2002,"48,980",916,"42,498",795
PA,2003,"48,401",877,"42,933",778
PA,2004,"48,415","1,141","44,106","1,039"
PA,2005,"49,175",791,"46,300",745
PA,2006,"49,852",894,"48,477",869
PA,2007,"48,437",932,"48,437",932
RI,1984,"41,079","1,612","21,612",848
RI,1985,"45,252","1,654","24,625",900
RI,1986,"47,904","1,913","26,540","1,060"
RI,1987,"49,397","2,514","28,292","1,440"
RI,1988,"50,259","2,668","29,842","1,584"
RI,1989,"48,636","2,186","30,124","1,354"
RI,1990,"49,163","1,807","31,968","1,175"
RI,1991,"45,780","1,620","30,836","1,091"
RI,1992,"44,063","2,075","30,432","1,433"
RI,1993,"47,348","2,186","33,509","1,547"
RI,1994,"44,171","1,828","31,928","1,321"
RI,1995,"47,768","1,855","35,359","1,373"
RI,1996,"48,670","1,363","36,986","1,036"
RI,1997,"44,821","2,879","34,797","2,235"
RI,1998,"51,685","3,375","40,686","2,657"
RI,1999,"53,159","2,464","42,719","1,980"
RI,2000,"50,807","1,226","42,197","1,018"
RI,2001,"53,549","1,343","45,723","1,147"
RI,2002,"48,887","1,008","42,417",875
RI,2003,"50,405","1,408","44,711","1,249"
RI,2004,"52,618","2,165","47,935","1,972"
RI,2005,"52,556","1,546","49,484","1,456"
RI,2006,"55,260","1,875","53,736","1,823"
RI,2007,"54,210","1,849","54,210","1,849"
SC,1984,"38,602","1,775","20,309",934
SC,1985,"36,819","1,584","20,036",862
SC,1986,"39,652","1,560","21,968",864
SC,1987,"43,735","1,983","25,049","1,136"
SC,1988,"43,002","1,937","25,533","1,150"
SC,1989,"38,423","1,710","23,798","1,059"
SC,1990,"44,191","2,127","28,735","1,383"
SC,1991,"40,773","1,688","27,463","1,137"
SC,1992,"39,931","2,076","27,578","1,434"
SC,1993,"36,813","1,356","26,053",960
SC,1994,"41,291","1,576","29,846","1,139"
SC,1995,"39,273","1,891","29,071","1,400"
SC,1996,"45,616","1,849","34,665","1,405"
SC,1997,"44,132","2,073","34,262","1,609"
SC,1998,"42,260","1,664","33,267","1,310"
SC,1999,"45,373","2,150","36,462","1,728"
SC,2000,"45,236","1,128","37,570",937
SC,2001,"44,195","1,198","37,736","1,023"
SC,2002,"43,580","1,411","37,812","1,224"
SC,2003,"43,380","1,264","38,479","1,121"
SC,2004,"42,471","1,121","38,691","1,021"
SC,2005,"42,728","1,279","40,230","1,204"
SC,2006,"40,741","1,385","39,617","1,347"
SC,2007,"44,213","1,553","44,213","1,553"
SD,1984,"36,892","1,764","19,409",928
SD,1985,"33,339","1,290","18,142",702
SD,1986,"35,915","1,199","19,898",664
SD,1987,"36,929","1,042","21,151",597
SD,1988,"37,547","1,184","22,294",703
SD,1989,"38,923","1,613","24,108",999
SD,1990,"37,787","1,320","24,571",858
SD,1991,"36,580","1,158","24,639",780
SD,1992,"38,021",969,"26,259",669
SD,1993,"39,192","1,470","27,737","1,040"
SD,1994,"41,134","1,639","29,733","1,185"
SD,1995,"39,958","2,175","29,578","1,610"
SD,1996,"38,853","1,320","29,526","1,003"
SD,1997,"38,248","1,475","29,694","1,145"
SD,1998,"41,649","1,287","32,786","1,013"
SD,1999,"44,584","1,175","35,828",944
SD,2000,"43,917",827,"36,475",687
SD,2001,"46,461","1,003","39,671",856
SD,2002,"43,650","1,098","37,873",953
SD,2003,"44,556","1,132","39,522","1,004"
SD,2004,"45,123","1,092","41,107",995
SD,2005,"45,830","1,454","43,151","1,369"
SD,2006,"46,716","1,688","45,427","1,641"
SD,2007,"46,418",900,"46,418",900
TN,1984,"31,898","1,095","16,782",576
TN,1985,"32,670","1,024","17,778",557
TN,1986,"32,952","1,596","18,256",884
TN,1987,"36,978","1,388","21,179",795
TN,1988,"35,125","1,713","20,856","1,017"
TN,1989,"36,506","2,107","22,611","1,305"
TN,1990,"34,744","1,336","22,592",869
TN,1991,"36,304","1,358","24,453",915
TN,1992,"35,211","1,322","24,318",913
TN,1993,"35,469","1,174","25,102",831
TN,1994,"39,621","1,422","28,639","1,028"
TN,1995,"39,197","1,713","29,015","1,268"
TN,1996,"40,517","1,430","30,790","1,087"
TN,1997,"39,461","1,749","30,636","1,358"
TN,1998,"43,307","1,660","34,091","1,307"
TN,1999,"45,447","1,630","36,522","1,310"
TN,2000,"41,053","1,120","34,096",930
TN,2001,"41,907",926,"35,783",791
TN,2002,"42,678","1,280","37,030","1,111"
TN,2003,"42,302","1,331","37,523","1,181"
TN,2004,"41,791","1,160","38,072","1,057"
TN,2005,"41,853","1,265","39,406","1,191"
TN,2006,"41,847",776,"40,693",755
TN,2007,"41,195","1,116","41,195","1,116"
TX,1984,"43,763","1,013","23,024",533
TX,1985,"43,632","1,003","23,743",546
TX,1986,"43,612",928,"24,162",514
TX,1987,"43,163","1,112","24,721",637
TX,1988,"42,042",980,"24,963",582
TX,1989,"41,794",903,"25,886",559
TX,1990,"43,411","1,101","28,228",716
TX,1991,"41,174",929,"27,733",626
TX,1992,"40,474",918,"27,953",634
TX,1993,"40,591",866,"28,727",613
TX,1994,"42,548",906,"30,755",655
TX,1995,"43,283",856,"32,039",634
TX,1996,"43,520","1,004","33,072",763
TX,1997,"45,179","1,134","35,075",880
TX,1998,"45,457",841,"35,783",662
TX,1999,"48,143","1,269","38,688","1,020"
TX,2000,"46,487",945,"38,609",785
TX,2001,"47,853",600,"40,860",512
TX,2002,"46,273",649,"40,149",563
TX,2003,"44,273",859,"39,271",762
TX,2004,"45,441",603,"41,397",549
TX,2005,"43,994",446,"41,422",420
TX,2006,"44,536",851,"43,307",828
TX,2007,"46,053",700,"46,053",700
UT,1984,"43,826","1,397","23,057",735
UT,1985,"46,379","1,290","25,238",702
UT,1986,"47,437","1,462","26,281",810
UT,1987,"46,319","2,085","26,529","1,194"
UT,1988,"44,316","1,531","26,313",909
UT,1989,"49,593","1,637","30,717","1,014"
UT,1990,"46,355","1,566","30,142","1,018"
UT,1991,"41,594","2,018","28,016","1,359"
UT,1992,"49,593","1,658","34,251","1,145"
UT,1993,"50,565","1,755","35,786","1,242"
UT,1994,"49,412","1,440","35,716","1,041"
UT,1995,"49,282","1,242","36,480",919
UT,1996,"48,738","1,750","37,038","1,330"
UT,1997,"55,097","2,299","42,775","1,785"
UT,1998,"56,275","1,747","44,299","1,375"
UT,1999,"57,304","2,010","46,050","1,615"
UT,2000,"57,252","1,253","47,550","1,041"
UT,2001,"55,445","1,875","47,342","1,601"
UT,2002,"55,162","1,321","47,861","1,146"
UT,2003,"55,551","1,017","49,275",902
UT,2004,"55,841","1,018","50,871",927
UT,2005,"58,216","1,384","54,813","1,303"
UT,2006,"56,178","1,718","54,628","1,671"
UT,2007,"53,529","1,218","53,529","1,218"
VA,1984,"42,915","1,868","22,578",983
VA,1985,"47,779","1,731","26,000",942
VA,1986,"44,401","1,810","24,599","1,003"
VA,1987,"44,374","2,399","25,415","1,374"
VA,1988,"48,821","1,814","28,988","1,077"
VA,1989,"50,527","1,834","31,295","1,136"
VA,1990,"47,825","2,047","31,098","1,331"
VA,1991,"43,285","1,814","29,155","1,222"
VA,1992,"47,427","1,930","32,755","1,333"
VA,1993,"43,895","1,351","31,065",956
VA,1994,"49,531","2,637","35,802","1,906"
VA,1995,"45,694","1,678","33,824","1,242"
VA,1996,"42,580","1,645","32,358","1,250"
VA,1997,"45,151","2,224","35,053","1,727"
VA,1998,"50,016","2,021","39,372","1,591"
VA,1999,"51,746","1,751","41,584","1,407"
VA,2000,"47,672","1,109","39,594",921
VA,2001,"47,776","1,106","40,794",944
VA,2002,"49,558",957,"42,999",830
VA,2003,"48,771","1,101","43,261",977
VA,2004,"51,953","1,394","47,329","1,270"
VA,2005,"53,852","1,390","50,704","1,309"
VA,2006,"53,456","1,302","51,981","1,266"
VA,2007,"47,390","1,398","47,390","1,398"
VT,1984,"50,417","1,661","26,525",874
VT,1985,"52,243","2,433","28,429","1,324"
VT,1986,"53,635","1,939","29,715","1,074"
VT,1987,"52,373","1,769","29,996","1,013"
VT,1988,"54,985","2,221","32,648","1,319"
VT,1989,"55,084","1,946","34,118","1,205"
VT,1990,"53,938","1,612","35,073","1,048"
VT,1991,"53,650","1,983","36,137","1,336"
VT,1992,"55,308","1,968","38,198","1,359"
VT,1993,"51,480","1,960","36,433","1,387"
VT,1994,"52,083","2,118","37,647","1,531"
VT,1995,"48,933","1,879","36,222","1,391"
VT,1996,"51,598","1,920","39,211","1,459"
VT,1997,"55,332","2,443","42,957","1,897"
VT,1998,"55,074","2,788","43,354","2,195"
VT,1999,"56,859","2,203","45,693","1,770"
VT,2000,"56,786","1,282","47,163","1,065"
VT,2001,"58,840","1,344","50,241","1,148"
VT,2002,"57,202","1,487","49,631","1,290"
VT,2003,"61,760","1,762","54,783","1,563"
VT,2004,"56,137","1,225","51,141","1,116"
VT,2005,"55,137","1,259","51,914","1,185"
VT,2006,"58,739","1,637","57,119","1,592"
VT,2007,"59,161","1,365","59,161","1,365"
WA,1984,"47,551","1,564","25,017",823
WA,1985,"44,104","1,389","24,000",756
WA,1986,"48,520","1,715","26,881",950
WA,1987,"47,699","1,935","27,319","1,108"
WA,1988,"54,445","1,735","32,327","1,030"
WA,1989,"51,602","2,377","31,961","1,472"
WA,1990,"49,384","1,905","32,112","1,239"
WA,1991,"50,433","1,759","33,970","1,185"
WA,1992,"49,085","1,806","33,900","1,247"
WA,1993,"50,380","1,570","35,655","1,111"
WA,1994,"46,392","1,646","33,533","1,190"
WA,1995,"48,050","1,691","35,568","1,252"
WA,1996,"48,262","2,116","36,676","1,608"
WA,1997,"57,399","2,209","44,562","1,715"
WA,1998,"60,241","1,752","47,421","1,379"
WA,1999,"56,586","2,588","45,473","2,080"
WA,2000,"51,202","1,458","42,525","1,211"
WA,2001,"49,762","1,480","42,490","1,264"
WA,2002,"52,075","1,111","45,183",964
WA,2003,"53,559","1,573","47,508","1,395"
WA,2004,"54,799","1,172","49,922","1,068"
WA,2005,"53,790","1,110","50,646","1,045"
WA,2006,"56,275","1,279","54,723","1,244"
WA,2007,"58,080","1,736","58,080","1,736"
WI,1984,"32,014","1,156","16,843",608
WI,1985,"29,371","1,522","15,983",828
WI,1986,"29,717","1,634","16,464",905
WI,1987,"30,043","1,358","17,207",778
WI,1988,"32,594","1,566","19,353",930
WI,1989,"34,998","1,361","21,677",843
WI,1990,"34,044","1,756","22,137","1,142"
WI,1991,"34,365","1,363","23,147",918
WI,1992,"29,351","1,292","20,271",892
WI,1993,"31,681","1,386","22,421",981
WI,1994,"32,600","1,684","23,564","1,217"
WI,1995,"33,611","1,175","24,880",870
WI,1996,"33,223","1,712","25,247","1,301"
WI,1997,"35,406","1,694","27,488","1,315"
WI,1998,"33,923",991,"26,704",780
WI,1999,"36,457","1,430","29,297","1,149"
WI,2000,"35,412",777,"29,411",645
WI,2001,"34,752",789,"29,673",674
WI,2002,"33,837",806,"29,359",699
WI,2003,"36,936","1,119","32,763",993
WI,2004,"36,633","1,288","33,373","1,173"
WI,2005,"38,708","1,143","36,445","1,076"
WI,2006,"39,509","1,248","38,419","1,214"
WI,2007,"42,091",989,"42,091",989
WV,1984,"39,427","1,561","20,743",821
WV,1985,"42,718","2,134","23,246","1,161"
WV,1986,"47,706","1,449","26,430",803
WV,1987,"46,040","2,462","26,369","1,410"
WV,1988,"49,810","1,647","29,575",978
WV,1989,"47,020","2,002","29,123","1,240"
WV,1990,"47,230","1,379","30,711",897
WV,1991,"46,221","1,511","31,133","1,018"
WV,1992,"48,228","1,588","33,308","1,097"
WV,1993,"44,885","1,893","31,766","1,340"
WV,1994,"48,958","1,760","35,388","1,272"
WV,1995,"55,327","1,781","40,955","1,318"
WV,1996,"52,637","2,342","40,001","1,780"
WV,1997,"51,001","1,481","39,595","1,150"
WV,1998,"52,499","1,615","41,327","1,271"
WV,1999,"56,827","2,337","45,667","1,878"
WV,2000,"54,287","1,146","45,088",952
WV,2001,"53,107","1,315","45,346","1,123"
WV,2002,"52,905","1,090","45,903",946
WV,2003,"52,162","1,103","46,269",978
WV,2004,"50,200","1,468","45,732","1,337"
WV,2005,"47,422","1,251","44,650","1,178"
WV,2006,"53,158","1,179","51,692","1,146"
WV,2007,"51,277","1,040","51,277","1,040"
WY,1984,"45,268","1,389","23,816",731
WY,1985,"40,577","1,928","22,081","1,049"
WY,1986,"42,524","1,558","23,559",863
WY,1987,"48,172","2,546","27,590","1,458"
WY,1988,"44,494","1,844","26,419","1,095"
WY,1989,"47,662","2,081","29,521","1,289"
WY,1990,"45,306","1,524","29,460",991
WY,1991,"43,129","2,052","29,050","1,382"
WY,1992,"43,741","2,056","30,209","1,420"
WY,1993,"41,601","1,649","29,442","1,167"
WY,1994,"45,848","2,557","33,140","1,848"
WY,1995,"42,594","1,535","31,529","1,136"
WY,1996,"40,731","1,129","30,953",858
WY,1997,"43,051","1,856","33,423","1,441"
WY,1998,"44,779","1,672","35,250","1,316"
WY,1999,"46,351","1,599","37,248","1,285"
WY,2000,"47,715","1,271","39,629","1,056"
WY,2001,"46,517","1,366","39,719","1,166"
WY,2002,"45,828","1,125","39,763",976
WY,2003,"47,975","1,127","42,555","1,000"
WY,2004,"49,832","1,258","45,397","1,146"
WY,2005,"47,494","1,602","44,718","1,508"
WY,2006,"48,375","1,546","47,041","1,503"
WY,2007,"48,744","1,363","48,744","1,363"
